Room ID,AREATYPE,FLOORTYPE,BUILDING,FLOOR,SQUARE FT,FIXTURES,COST CENTER
3C Media Room,Conference Room,Carpet,C- Skilled Nursing Facility,3,350,,
3C Staff Elevator Landing,General Space,Ceramic Tile,C- Skilled Nursing Facility,3,99,,
3C Volunteer Lounge,Conference Room,Carpet,C- Skilled Nursing Facility,3,88,,
3C Staff Area Hall,Hallway,Unfinished Hard Floor,C- Skilled Nursing Facility,3,140,,
3c Staff Restroom,Restroom by Fixture,Ceramic Tile,C- Skilled Nursing Facility,3,42,2,
3C Resident Elevator Landing,General Space,Ceramic Tile,C- Skilled Nursing Facility,3,99,,
3C Clean Utility,Clean Utility,Unfinished Hard Floor,C- Skilled Nursing Facility,3,78,,
3C Soiled Utility,Soiled Utility,Unfinished Hard Floor,C- Skilled Nursing Facility,3,70,,
3C Salon,Salon,Unfinished Hard Floor,C- Skilled Nursing Facility,3,208,,
3C Spa,Gym \ Fitness,Ceramic Tile,C- Skilled Nursing Facility,3,96,,
3C Spa Restroom,Restroom by Fixture,Ceramic Tile,C- Skilled Nursing Facility,3,48,2,
3C Housekeeping Closet,Work Room,Unfinished Hard Floor,C- Skilled Nursing Facility,3,54,,
S. 3C Office,Office,Carpet,C- Skilled Nursing Facility,3,120,,
S. 3C Storage,Storage,Unfinished Hard Floor,C- Skilled Nursing Facility,3,45,,
S. 3C Living Room,Waiting Area,Carpet,C- Skilled Nursing Facility,3,180,,
3C Terrace,Terrace,Stone,C- Skilled Nursing Facility,3,437,,
N. 3C Storage Alcove,Alcove,Unfinished Hard Floor,C- Skilled Nursing Facility,3,25,,
3C Nurse Station,Nurses Station,Unfinished Hard Floor,C- Skilled Nursing Facility,3,180,,
ADON Office,Office,Carpet,C- Skilled Nursing Facility,3,112,,
3C Med Room,Work Room,Unfinished Hard Floor,C- Skilled Nursing Facility,3,156,,
3C Dining Area,Dining Room,Unfinished Hard Floor,C- Skilled Nursing Facility,3,575,,
3C Nurse Station Restroom,Restroom by Fixture,Ceramic Tile,C- Skilled Nursing Facility,3,42,2,
N. 3C Living Room,Waiting Area,Carpet,C- Skilled Nursing Facility,3,140,,
301C,Patient Room,Unfinished Hard Floor,C- Skilled Nursing Facility,3,220,,
301C RR,Restroom by Fixture,Ceramic Tile,C- Skilled Nursing Facility,3,72,3,
302C,Patient Room,Unfinished Hard Floor,C- Skilled Nursing Facility,3,220,,
302C RR,Restroom by Fixture,Ceramic Tile,C- Skilled Nursing Facility,3,72,3,
303C,Patient Room,Unfinished Hard Floor,C- Skilled Nursing Facility,3,220,,
303C RR,Restroom by Fixture,Ceramic Tile,C- Skilled Nursing Facility,3,72,3,
304C,Patient Room,Unfinished Hard Floor,C- Skilled Nursing Facility,3,220,,
304C RR,Restroom by Fixture,Ceramic Tile,C- Skilled Nursing Facility,3,72,3,
305C,Patient Room,Unfinished Hard Floor,C- Skilled Nursing Facility,3,220,,
305C RR,Restroom by Fixture,Ceramic Tile,C- Skilled Nursing Facility,3,72,3,
306C,Patient Room,Unfinished Hard Floor,C- Skilled Nursing Facility,3,220,,
306C RR,Restroom by Fixture,Ceramic Tile,C- Skilled Nursing Facility,3,72,3,
307C,Patient Room,Unfinished Hard Floor,C- Skilled Nursing Facility,3,220,,
307C RR,Restroom by Fixture,Ceramic Tile,C- Skilled Nursing Facility,3,72,3,
308C,Patient Room,Unfinished Hard Floor,C- Skilled Nursing Facility,3,220,,
308C RR,Restroom by Fixture,Ceramic Tile,C- Skilled Nursing Facility,3,72,3,
309C,Patient Room,Unfinished Hard Floor,C- Skilled Nursing Facility,3,220,,
309C RR,Restroom by Fixture,Ceramic Tile,C- Skilled Nursing Facility,3,72,3,
310C,Patient Room,Unfinished Hard Floor,C- Skilled Nursing Facility,3,220,,
310C RR,Restroom by Fixture,Ceramic Tile,C- Skilled Nursing Facility,3,72,3,
311C,Patient Room,Unfinished Hard Floor,C- Skilled Nursing Facility,3,220,,
311C RR,Restroom by Fixture,Ceramic Tile,C- Skilled Nursing Facility,3,72,3,
312C,Patient Room,Unfinished Hard Floor,C- Skilled Nursing Facility,3,220,,
312C RR,Restroom by Fixture,Ceramic Tile,C- Skilled Nursing Facility,3,72,3,
313C,Patient Room,Unfinished Hard Floor,C- Skilled Nursing Facility,3,391,,
313C RR,Restroom by Fixture,Ceramic Tile,C- Skilled Nursing Facility,3,90,3,
314C,Patient Room,Unfinished Hard Floor,C- Skilled Nursing Facility,3,357,,
314C RR,Restroom by Fixture,Ceramic Tile,C- Skilled Nursing Facility,3,72,3,
315C,Patient Room,Unfinished Hard Floor,C- Skilled Nursing Facility,3,220,,
315C RR,Restroom by Fixture,Ceramic Tile,C- Skilled Nursing Facility,3,72,3,
316C,Patient Room,Unfinished Hard Floor,C- Skilled Nursing Facility,3,220,,
316C RR,Restroom by Fixture,Ceramic Tile,C- Skilled Nursing Facility,3,72,3,
317C,Patient Room,Unfinished Hard Floor,C- Skilled Nursing Facility,3,220,,
317C RR,Restroom by Fixture,Ceramic Tile,C- Skilled Nursing Facility,3,72,3,
318C,Patient Room,Unfinished Hard Floor,C- Skilled Nursing Facility,3,220,,
318C RR,Restroom by Fixture,Ceramic Tile,C- Skilled Nursing Facility,3,72,3,
319C,Patient Room,Unfinished Hard Floor,C- Skilled Nursing Facility,3,220,,
319C RR,Restroom by Fixture,Ceramic Tile,C- Skilled Nursing Facility,3,72,3,
320C,Patient Room,Unfinished Hard Floor,C- Skilled Nursing Facility,3,220,,
320C RR,Restroom by Fixture,Ceramic Tile,C- Skilled Nursing Facility,3,72,3,
3C Hallway,Hallway,Carpet,C- Skilled Nursing Facility,3,3737,,
2C Staff Elevator Landing,General Space,Ceramic Tile,C- Skilled Nursing Facility,2,99,,
2C Activity Room,Conference Room,Unfinished Hard Floor,C- Skilled Nursing Facility,2,378,,
2C Activity Office,Office,Unfinished Hard Floor,C- Skilled Nursing Facility,2,72,,
2C Staff Hall,Hallway,Unfinished Hard Floor,C- Skilled Nursing Facility,2,140,,
2C Staff Restroom,Restroom by Fixture,Ceramic Tile,C- Skilled Nursing Facility,2,42,2,
2C Clean Utility,Clean Utility,Unfinished Hard Floor,C- Skilled Nursing Facility,2,220,,
2C Soiled Utility,Soiled Utility,Unfinished Hard Floor,C- Skilled Nursing Facility,2,72,3,
2C Staff Lounge,Lounge,Unfinished Hard Floor,C- Skilled Nursing Facility,2,220,,
2C Staff Locker Room,Lockers,Unfinished Hard Floor,C- Skilled Nursing Facility,2,72,3,
2C Housekeeping Closet,Work Room,Unfinished Hard Floor,C- Skilled Nursing Facility,2,220,,
2C Vending Machine Room,Lounge,Unfinished Hard Floor,C- Skilled Nursing Facility,2,72,3,
S. 2C Storage Room,Storage,Unfinished Hard Floor,C- Skilled Nursing Facility,2,220,,
S. 2C Living Room,Waiting Area,Carpet,C- Skilled Nursing Facility,2,72,3,
S. 2C Terrace,Terrace,Stone,C- Skilled Nursing Facility,2,220,,
2C Nurse Station,Nurses Station,Unfinished Hard Floor,C- Skilled Nursing Facility,2,180,3,
2C Nurse Station Office,Office,Carpet,C- Skilled Nursing Facility,2,112,,
2C Med Room,Work Room,Unfinished Hard Floor,C- Skilled Nursing Facility,2,156,3,
2C Dining Area,Dining Room,Unfinished Hard Floor,C- Skilled Nursing Facility,2,575,,
N. 2C Living Room ,Waiting Area,Carpet,C- Skilled Nursing Facility,2,140,3,
201C,Patient Room,Unfinished Hard Floor,C- Skilled Nursing Facility,2,220,,
201C RR,Restroom by Fixture,Ceramic Tile,C- Skilled Nursing Facility,2,72,3,
202C,Patient Room,Unfinished Hard Floor,C- Skilled Nursing Facility,2,220,,
202C RR,Restroom by Fixture,Ceramic Tile,C- Skilled Nursing Facility,2,72,3,
203C,Patient Room,Unfinished Hard Floor,C- Skilled Nursing Facility,2,220,,
203C RR,Restroom by Fixture,Ceramic Tile,C- Skilled Nursing Facility,2,72,3,
204C,Patient Room,Unfinished Hard Floor,C- Skilled Nursing Facility,2,220,,
204C RR,Restroom by Fixture,Ceramic Tile,C- Skilled Nursing Facility,2,72,3,
205C,Patient Room,Unfinished Hard Floor,C- Skilled Nursing Facility,2,220,,
205C RR,Restroom by Fixture,Ceramic Tile,C- Skilled Nursing Facility,2,72,3,
206C,Patient Room,Unfinished Hard Floor,C- Skilled Nursing Facility,2,220,,
206C RR,Restroom by Fixture,Ceramic Tile,C- Skilled Nursing Facility,2,72,3,
207C,Patient Room,Unfinished Hard Floor,C- Skilled Nursing Facility,2,220,,
207C RR,Restroom by Fixture,Ceramic Tile,C- Skilled Nursing Facility,2,72,3,
208C,Patient Room,Unfinished Hard Floor,C- Skilled Nursing Facility,2,220,,
208C RR,Restroom by Fixture,Ceramic Tile,C- Skilled Nursing Facility,2,72,3,
209C,Patient Room,Unfinished Hard Floor,C- Skilled Nursing Facility,2,220,,
209C RR,Restroom by Fixture,Ceramic Tile,C- Skilled Nursing Facility,2,72,3,
210C,Patient Room,Unfinished Hard Floor,C- Skilled Nursing Facility,2,220,,
210C RR,Restroom by Fixture,Ceramic Tile,C- Skilled Nursing Facility,2,72,3,
211C,Patient Room,Unfinished Hard Floor,C- Skilled Nursing Facility,2,220,,
211C RR,Restroom by Fixture,Ceramic Tile,C- Skilled Nursing Facility,2,72,3,
212C ,Patient Room,Unfinished Hard Floor,C- Skilled Nursing Facility,2,220,,
212C RR,Restroom by Fixture,Ceramic Tile,C- Skilled Nursing Facility,2,72,3,
213C,Patient Room,Unfinished Hard Floor,C- Skilled Nursing Facility,2,391,,
213C RR,Restroom by Fixture,Ceramic Tile,C- Skilled Nursing Facility,2,90,3,
214C,Patient Room,Unfinished Hard Floor,C- Skilled Nursing Facility,2,357,,
214C RR,Restroom by Fixture,Ceramic Tile,C- Skilled Nursing Facility,2,72,3,
215C,Patient Room,Unfinished Hard Floor,C- Skilled Nursing Facility,2,220,,
215C RR,Restroom by Fixture,Ceramic Tile,C- Skilled Nursing Facility,2,72,3,
216C,Patient Room,Unfinished Hard Floor,C- Skilled Nursing Facility,2,220,,
216C RR,Restroom by Fixture,Ceramic Tile,C- Skilled Nursing Facility,2,72,3,
217C,Patient Room,Unfinished Hard Floor,C- Skilled Nursing Facility,2,220,,
217C RR,Restroom by Fixture,Ceramic Tile,C- Skilled Nursing Facility,2,72,3,
218C,Patient Room,Unfinished Hard Floor,C- Skilled Nursing Facility,2,220,,
218C RR,Restroom by Fixture,Ceramic Tile,C- Skilled Nursing Facility,2,72,3,
219C,Patient Room,Unfinished Hard Floor,C- Skilled Nursing Facility,2,220,,
219C RR,Restroom by Fixture,Ceramic Tile,C- Skilled Nursing Facility,2,72,3,
220C,Patient Room,Unfinished Hard Floor,C- Skilled Nursing Facility,2,220,,
220C RR,Restroom by Fixture,Ceramic Tile,C- Skilled Nursing Facility,2,72,3,
2C Hallway,Hallway,Carpet,C- Skilled Nursing Facility,2,3737,,
1C Nurse's Station,Nurses Station,Unfinished Hard Floor,C- Skilled Nursing Facility,1,180,,
1C Medication Room,Work Room,Unfinished Hard Floor,C- Skilled Nursing Facility,1,156,,
Director of Nursing Office,Office,Carpet,C- Skilled Nursing Facility,1,112,,
1C Nurse Station Rest Room,Restroom by Fixture,Ceramic Tile,C- Skilled Nursing Facility,1,45,2,
1C Dining Room,Dining Room,Unfinished Hard Floor,C- Skilled Nursing Facility,1,575,,
N. 1C Living Room,Waiting Area,Carpet,C- Skilled Nursing Facility,1,80,,
N. 1C Terrace,Terrace,Stone,C- Skilled Nursing Facility,1,150,,
101C,Patient Room,Unfinished Hard Floor,C- Skilled Nursing Facility,1,220,,
101C RR,Restroom by Fixture,Ceramic Tile,C- Skilled Nursing Facility,1,72,3,
102C,Patient Room,Unfinished Hard Floor,C- Skilled Nursing Facility,1,220,,
102C RR,Restroom by Fixture,Ceramic Tile,C- Skilled Nursing Facility,1,72,3,
103C,Patient Room,Unfinished Hard Floor,C- Skilled Nursing Facility,1,220,,
103C RR,Restroom by Fixture,Ceramic Tile,C- Skilled Nursing Facility,1,72,3,
104C,Patient Room,Unfinished Hard Floor,C- Skilled Nursing Facility,1,220,,
104C RR,Restroom by Fixture,Ceramic Tile,C- Skilled Nursing Facility,1,72,3,
105C,Patient Room,Unfinished Hard Floor,C- Skilled Nursing Facility,1,220,,
105C RR,Restroom by Fixture,Ceramic Tile,C- Skilled Nursing Facility,1,72,3,
106C,Patient Room,Unfinished Hard Floor,C- Skilled Nursing Facility,1,220,,
106C RR,Restroom by Fixture,Ceramic Tile,C- Skilled Nursing Facility,1,72,3,
107C,Patient Room,Unfinished Hard Floor,C- Skilled Nursing Facility,1,220,,
107C RR,Restroom by Fixture,Ceramic Tile,C- Skilled Nursing Facility,1,72,3,
108C,Patient Room,Unfinished Hard Floor,C- Skilled Nursing Facility,1,220,,
108C RR,Restroom by Fixture,Ceramic Tile,C- Skilled Nursing Facility,1,72,3,
109C,Patient Room,Unfinished Hard Floor,C- Skilled Nursing Facility,1,220,,
109C RR,Restroom by Fixture,Ceramic Tile,C- Skilled Nursing Facility,1,72,3,
110C,Patient Room,Unfinished Hard Floor,C- Skilled Nursing Facility,1,220,,
110C RR,Restroom by Fixture,Ceramic Tile,C- Skilled Nursing Facility,1,72,3,
111C,Patient Room,Unfinished Hard Floor,C- Skilled Nursing Facility,1,220,,
111C RR,Restroom by Fixture,Ceramic Tile,C- Skilled Nursing Facility,1,72,3,
112C,Patient Room,Unfinished Hard Floor,C- Skilled Nursing Facility,1,220,,
112C RR,Restroom by Fixture,Ceramic Tile,C- Skilled Nursing Facility,1,72,3,
113C,Patient Room,Unfinished Hard Floor,C- Skilled Nursing Facility,1,391,,
113C RR,Restroom by Fixture,Ceramic Tile,C- Skilled Nursing Facility,1,90,3,
114C,Patient Room,Unfinished Hard Floor,C- Skilled Nursing Facility,1,357,,
114C RR,Restroom by Fixture,Ceramic Tile,C- Skilled Nursing Facility,1,72,3,
C Main Entrance Vestibule,Vestibule,Carpet,C- Skilled Nursing Facility,1,220,,
Charting,Office,Unfinished Hard Floor,C- Skilled Nursing Facility,1,64,,
PT Gym ,Gym \ Fitness,Unfinished Hard Floor,C- Skilled Nursing Facility,1,868,,
PT Office,Office,Unfinished Hard Floor,C- Skilled Nursing Facility,1,132,,
OT Gym,Gym \ Fitness,Unfinished Hard Floor,C- Skilled Nursing Facility,1,540,,
Rehab Director Office,Office,Unfinished Hard Floor,C- Skilled Nursing Facility,1,99,,
Speech Therapy,Office,Unfinished Hard Floor,C- Skilled Nursing Facility,1,80,,
Rehab Restroom,Restroom by Fixture,Ceramic Tile,C- Skilled Nursing Facility,1,66,2,
1C Hospitality Lounge,Lounge,Ceramic Tile,C- Skilled Nursing Facility,1,840,,
C Reception Desk / Workroom,Work Room,Carpet,C- Skilled Nursing Facility,1,96,,
C Conference Lounge,Conference Room,Carpet,C- Skilled Nursing Facility,1,560,,
C Admin Restroom,Restroom by Fixture,Ceramic Tile,C- Skilled Nursing Facility,1,64,2,
Admissions Office,Office,Carpet,C- Skilled Nursing Facility,1,273,,
Social Work Office,Office,Carpet,C- Skilled Nursing Facility,1,99,,
Admin Work Room,Work Room,Unfinished Hard Floor,C- Skilled Nursing Facility,1,40,,
Admin Kitchenette Area,Kitchen,Unfinished Hard Floor,C- Skilled Nursing Facility,1,40,,
C Marketing Office,Office,Carpet,C- Skilled Nursing Facility,1,99,,
C Office 2,Office,Carpet,C- Skilled Nursing Facility,1,99,,
Assoc. Director Office,Office,Carpet,C- Skilled Nursing Facility,1,99,,
Admin Storage Closet,Storage,Carpet,C- Skilled Nursing Facility,1,40,,
C Kiosk Office,Office,Carpet,C- Skilled Nursing Facility,1,40,,
Automated Pharmacy Room,Work Room,Unfinished Hard Floor,C- Skilled Nursing Facility,1,40,,
1C Staff Elevator Landing,General Space,Ceramic Tile,C- Skilled Nursing Facility,1,99,,
1C Clean Utility,Clean Utility,Unfinished Hard Floor,C- Skilled Nursing Facility,1,40,,
1C Soiled Utility,Soiled Utility,Unfinished Hard Floor,C- Skilled Nursing Facility,1,40,,
C Physicians Office,Office,Carpet,C- Skilled Nursing Facility,1,99,,
C Family Dining Room,Dining Room,Unfinished Hard Floor,C- Skilled Nursing Facility,1,378,,
1C Resident Elevator Landing,General Space,Ceramic Tile,C- Skilled Nursing Facility,1,99,,
1C Storage Alcove,Storage,Unfinished Hard Floor,C- Skilled Nursing Facility,1,25,,
1C Kitchen Hallway,Hallway,Unfinished Hard Floor,C- Skilled Nursing Facility,1,140,,
1C Receiving Hallway,Hallway,Unfinished Hard Floor,C- Skilled Nursing Facility,1,140,,
1C Trashroom,Soiled Utility,Unfinished Hard Floor,C- Skilled Nursing Facility,1,40,,
1C Kitchen Restroom,Restroom by Fixture,Ceramic Tile,C- Skilled Nursing Facility,1,72,2,
Elevator #8,Elevator,Ceramic Tile,C- Skilled Nursing Facility,1,64,,
Elevator #9 ,Elevator,Ceramic Tile,C- Skilled Nursing Facility,1,64,,
1C Hallway,Hallway,Carpet,C- Skilled Nursing Facility,1,2187,,
1C Receiving Hallway,Hallway,Unfinished Hard Floor,C- Skilled Nursing Facility,1,414,,
1C Linen Hallway,Hallway,Unfinished Hard Floor,C- Skilled Nursing Facility,1,348,,
,,,,,,,
B Main Entry Vestibule,Vestibule,Carpet,B- Assisted Living / Memory Care,1,144,,
1B Reception Area,Office,Unfinished Hard Floor,B- Assisted Living / Memory Care,1,84,,
1B Reception Work Room,Work Room,Unfinished Hard Floor,B- Assisted Living / Memory Care,1,84,,
1B Marketing Office,Office,Carpet,B- Assisted Living / Memory Care,1,225,,
1B Lounge,Lounge,Unfinished Hard Floor,B- Assisted Living / Memory Care,1,156,,
1B Conference Room,Conference Room,Carpet,B- Assisted Living / Memory Care,1,234,,
1B Activity Room,Conference Room,Unfinished Hard Floor,B- Assisted Living / Memory Care,1,437,,
1B Nurse Station Restroom,Restroom by Fixture,Ceramic Tile,B- Assisted Living / Memory Care,1,64,2,
1B Nurse Station,Nurses Station,Carpet,B- Assisted Living / Memory Care,1,143,,
1B Med Room,Work Room,Unfinished Hard Floor,B- Assisted Living / Memory Care,1,77,,
1B Exam Room,Exam Room,Unfinished Hard Floor,B- Assisted Living / Memory Care,1,156,,
Director of Asst. Living,Office,Carpet,B- Assisted Living / Memory Care,1,209,,
1B Dining Room,Dining Room,Unfinished Hard Floor,B- Assisted Living / Memory Care,1,2320,,
1B Hospitality Lounge,Lounge,Unfinished Hard Floor,B- Assisted Living / Memory Care,1,720,,
Human Resources Restroom,Restroom by Fixture,Ceramic Tile,B- Assisted Living / Memory Care,1,72,2,
Volunteer Coordinator Office,Office,Carpet,B- Assisted Living / Memory Care,1,70,,
HR Alcove,Alcove,Carpet,B- Assisted Living / Memory Care,1,25,,
Payroll Office,Office,Carpet,B- Assisted Living / Memory Care,1,99,,
HR Office,Office,Carpet,B- Assisted Living / Memory Care,1,140,,
Director of HR,Office,Carpet,B- Assisted Living / Memory Care,1,168,,
Director HR Storage,Storage,Carpet,B- Assisted Living / Memory Care,1,40,,
HR Waiting Area,Waiting Area,Carpet,B- Assisted Living / Memory Care,1,280,,
1B Trashroom,Soiled Utility,Unfinished Hard Floor,B- Assisted Living / Memory Care,1,88,,
1B Back Hall Restroom,Restroom by Fixture,Ceramic Tile,B- Assisted Living / Memory Care,1,48,2,
1B Terrace,Terrace,Stone,B- Assisted Living / Memory Care,1,2320,,
1B South Restroom 1,Restroom by Fixture,Ceramic Tile,B- Assisted Living / Memory Care,1,64,2,
1B South Restroom 2,Restroom by Fixture,Ceramic Tile,B- Assisted Living / Memory Care,1,64,2,
Elevator #5,Elevator,Unfinished Hard Floor,B- Assisted Living / Memory Care,1,64,,
Elevator #6,Elevator,Ceramic Tile,B- Assisted Living / Memory Care,1,40,,
Elevator #7,Elevator,Ceramic Tile,B- Assisted Living / Memory Care,1,40,,
101B,Patient Room,Unfinished Hard Floor,B- Assisted Living / Memory Care,1,561,,
101B RR,Restroom by Fixture,Ceramic Tile,B- Assisted Living / Memory Care,1,,3,
102B,Patient Room,Unfinished Hard Floor,B- Assisted Living / Memory Care,1,672,,
102B RR,Restroom by Fixture,Ceramic Tile,B- Assisted Living / Memory Care,1,,3,
103B,Patient Room,Unfinished Hard Floor,B- Assisted Living / Memory Care,1,674,,
103B RR,Restroom by Fixture,Ceramic Tile,B- Assisted Living / Memory Care,1,,3,
104B,Patient Room,Unfinished Hard Floor,B- Assisted Living / Memory Care,1,760,,
104B RR,Restroom by Fixture,Ceramic Tile,B- Assisted Living / Memory Care,1,,3,
105B,Patient Room,Unfinished Hard Floor,B- Assisted Living / Memory Care,1,760,,
105B RR,Restroom by Fixture,Ceramic Tile,B- Assisted Living / Memory Care,1,,3,
106B,Patient Room,Unfinished Hard Floor,B- Assisted Living / Memory Care,1,620,,
106B RR,Restroom by Fixture,Ceramic Tile,B- Assisted Living / Memory Care,1,,3,
107B,Patient Room,Unfinished Hard Floor,B- Assisted Living / Memory Care,1,582,,
107B RR,Restroom by Fixture,Ceramic Tile,B- Assisted Living / Memory Care,1,,3,
108B,Patient Room,Unfinished Hard Floor,B- Assisted Living / Memory Care,1,972,,
108B RR,Restroom by Fixture,Ceramic Tile,B- Assisted Living / Memory Care,1,,3,
108B RR 2,Restroom by Fixture,Ceramic Tile,B- Assisted Living / Memory Care,1,,3,
109B,Patient Room,Unfinished Hard Floor,B- Assisted Living / Memory Care,1,897,,
109B RR,Restroom by Fixture,Ceramic Tile,B- Assisted Living / Memory Care,1,,3,
109B RR 2,Restroom by Fixture,Ceramic Tile,B- Assisted Living / Memory Care,1,,3,
110B - MODEL,Patient Room,Unfinished Hard Floor,B- Assisted Living / Memory Care,1,530,,
110B RR,Restroom by Fixture,Ceramic Tile,B- Assisted Living / Memory Care,1,,3,
111B,Patient Room,Unfinished Hard Floor,B- Assisted Living / Memory Care,1,655,,
111B RR,Restroom by Fixture,Ceramic Tile,B- Assisted Living / Memory Care,1,,3,
112B,Patient Room,Unfinished Hard Floor,B- Assisted Living / Memory Care,1,659,,
112B RR,Restroom by Fixture,Ceramic Tile,B- Assisted Living / Memory Care,1,,3,
113B,Patient Room,Unfinished Hard Floor,B- Assisted Living / Memory Care,1,650,,
113B RR,Restroom by Fixture,Ceramic Tile,B- Assisted Living / Memory Care,1,,3,
114B,Patient Room,Unfinished Hard Floor,B- Assisted Living / Memory Care,1,655,,
114B RR,Restroom by Fixture,Ceramic Tile,B- Assisted Living / Memory Care,1,,3,
115B,Patient Room,Unfinished Hard Floor,B- Assisted Living / Memory Care,1,650,,
115B RR,Restroom by Fixture,Ceramic Tile,B- Assisted Living / Memory Care,1,,3,
116B,Patient Room,Unfinished Hard Floor,B- Assisted Living / Memory Care,1,658,,
116B RR,Restroom by Fixture,Ceramic Tile,B- Assisted Living / Memory Care,1,,3,
117B,Patient Room,Unfinished Hard Floor,B- Assisted Living / Memory Care,1,655,,
117B RR,Restroom by Fixture,Ceramic Tile,B- Assisted Living / Memory Care,1,,3,
118B,Patient Room,Unfinished Hard Floor,B- Assisted Living / Memory Care,1,656,,
118B RR,Restroom by Fixture,Ceramic Tile,B- Assisted Living / Memory Care,1,,3,
119B,Patient Room,Unfinished Hard Floor,B- Assisted Living / Memory Care,1,524,,
119B RR,Restroom by Fixture,Ceramic Tile,B- Assisted Living / Memory Care,1,,3,
120B,Patient Room,Unfinished Hard Floor,B- Assisted Living / Memory Care,1,1021,,
120B RR,Restroom by Fixture,Ceramic Tile,B- Assisted Living / Memory Care,1,,3,
120B RR 2,Restroom by Fixture,Ceramic Tile,B- Assisted Living / Memory Care,1,,3,
121B,Patient Room,Unfinished Hard Floor,B- Assisted Living / Memory Care,1,574,,
121B RR,Restroom by Fixture,Ceramic Tile,B- Assisted Living / Memory Care,1,,3,
122B ,Patient Room,Unfinished Hard Floor,B- Assisted Living / Memory Care,1,552,,
122B RR,Restroom by Fixture,Ceramic Tile,B- Assisted Living / Memory Care,1,,3,
123B,Patient Room,Unfinished Hard Floor,B- Assisted Living / Memory Care,1,580,,
123B RR,Restroom by Fixture,Ceramic Tile,B- Assisted Living / Memory Care,1,,3,
124B,Patient Room,Unfinished Hard Floor,B- Assisted Living / Memory Care,1,602,,
124B RR,Restroom by Fixture,Ceramic Tile,B- Assisted Living / Memory Care,1,,3,
1B Family Laundry,Work Room,Unfinished Hard Floor,B- Assisted Living / Memory Care,1,72,,
1B Hallway,Hallway,Carpet,B- Assisted Living / Memory Care,1,3191,,
2B Staff Training Room,Conference Room,Carpet,B- Assisted Living / Memory Care,2,216,,
Acct. Restroom,Restroom by Fixture,Ceramic Tile,B- Assisted Living / Memory Care,2,48,2,
Acct. Main Area,Office,Carpet,B- Assisted Living / Memory Care,2,253,,
2B Office #1,Office,Carpet,B- Assisted Living / Memory Care,2,63,,
2B Office #2,Office,Carpet,B- Assisted Living / Memory Care,2,63,,
2B Office #3,Office,Carpet,B- Assisted Living / Memory Care,2,54,,
2B Office #4,Office,Carpet,B- Assisted Living / Memory Care,2,45,,
Director of Finance,Office,Carpet,B- Assisted Living / Memory Care,2,117,,
IT Help Desk,Office,Carpet,B- Assisted Living / Memory Care,2,108,,
CFO Office,Office,Carpet,B- Assisted Living / Memory Care,2,144,,
Acct. Work Room,Work Room,Unfinished Hard Floor,B- Assisted Living / Memory Care,2,81,,
Director of IT,Office,Carpet,B- Assisted Living / Memory Care,2,117,,
2B Trashroom,Soiled Utility,Unfinished Hard Floor,B- Assisted Living / Memory Care,2,48,,
2B Lifestyles Coord. Office,Office,Carpet,B- Assisted Living / Memory Care,2,182,,
2B South Restroom #1,Restroom by Fixture,Ceramic Tile,B- Assisted Living / Memory Care,2,56,,
2B South Restroom #2,Restroom by Fixture,Ceramic Tile,B- Assisted Living / Memory Care,2,56,,
2B Dining Room,Dining Room,Unfinished Hard Floor,B- Assisted Living / Memory Care,2,800,,
2B Media Room,Conference Room,Carpet,B- Assisted Living / Memory Care,2,360,,
2B Fitness Studio w/ Storage,Gym \ Fitness,Unfinished Hard Floor,B- Assisted Living / Memory Care,2,1125,,
2B Elevator Landing,General Space,Ceramic Tile,B- Assisted Living / Memory Care,2,220,,
2B Salon,Salon,Unfinished Hard Floor,B- Assisted Living / Memory Care,2,312,,
2B Salon Restroom,Restroom by Fixture,Ceramic Tile,B- Assisted Living / Memory Care,2,42,,
2B Lounge,Conference Room,Carpet,B- Assisted Living / Memory Care,2,273,,
2B Nurse Station,Nurses Station,Carpet,B- Assisted Living / Memory Care,2,156,,
2B Med Room,Work Room,Unfinished Hard Floor,B- Assisted Living / Memory Care,2,77,,
2B North Restroom,Restroom by Fixture,Ceramic Tile,B- Assisted Living / Memory Care,2,42,2,
2B Nurse Manager,Office,Carpet,B- Assisted Living / Memory Care,2,144,,
2B N. Storage,Storage,Unfinished Hard Floor,B- Assisted Living / Memory Care,2,42,,
201B,Patient Room,Unfinished Hard Floor,B- Assisted Living / Memory Care,2,598,,
201B RR,Restroom by Fixture,Ceramic Tile,B- Assisted Living / Memory Care,2,,3,
202B,Patient Room,Unfinished Hard Floor,B- Assisted Living / Memory Care,2,985,,
202B RR,Restroom by Fixture,Ceramic Tile,B- Assisted Living / Memory Care,2,,3,
202B RR 2,Restroom by Fixture,Ceramic Tile,B- Assisted Living / Memory Care,2,,3,
203B,Patient Room,Unfinished Hard Floor,B- Assisted Living / Memory Care,2,674,,
203B RR,Restroom by Fixture,Ceramic Tile,B- Assisted Living / Memory Care,2,,3,
204B,Patient Room,Unfinished Hard Floor,B- Assisted Living / Memory Care,2,674,,
204B RR,Restroom by Fixture,Ceramic Tile,B- Assisted Living / Memory Care,2,,3,
205B,Patient Room,Unfinished Hard Floor,B- Assisted Living / Memory Care,2,674,,
205B RR,Restroom by Fixture,Ceramic Tile,B- Assisted Living / Memory Care,2,,3,
206B,Patient Room,Unfinished Hard Floor,B- Assisted Living / Memory Care,2,760,,
206B RR,Restroom by Fixture,Ceramic Tile,B- Assisted Living / Memory Care,2,,3,
207B,Patient Room,Unfinished Hard Floor,B- Assisted Living / Memory Care,2,760,,
207B RR,Restroom by Fixture,Ceramic Tile,B- Assisted Living / Memory Care,2,,3,
208B,Patient Room,Unfinished Hard Floor,B- Assisted Living / Memory Care,2,620,,
208B RR,Restroom by Fixture,Ceramic Tile,B- Assisted Living / Memory Care,2,,3,
209B,Patient Room,Unfinished Hard Floor,B- Assisted Living / Memory Care,2,582,,
209B RR,Restroom by Fixture,Ceramic Tile,B- Assisted Living / Memory Care,2,,3,
210B,Patient Room,Unfinished Hard Floor,B- Assisted Living / Memory Care,2,972,,
210B RR,Restroom by Fixture,Ceramic Tile,B- Assisted Living / Memory Care,2,,3,
210B RR 2,Restroom by Fixture,Ceramic Tile,B- Assisted Living / Memory Care,2,,3,
211B,Patient Room,Unfinished Hard Floor,B- Assisted Living / Memory Care,2,1014,,
211B RR,Restroom by Fixture,Ceramic Tile,B- Assisted Living / Memory Care,2,,3,
211B RR 2,Restroom by Fixture,Ceramic Tile,B- Assisted Living / Memory Care,2,,,
212B,Patient Room,Unfinished Hard Floor,B- Assisted Living / Memory Care,2,530,3,
212B RR,Restroom by Fixture,Ceramic Tile,B- Assisted Living / Memory Care,2,,3,
213B,Patient Room,Unfinished Hard Floor,B- Assisted Living / Memory Care,2,655,,
213B RR,Restroom by Fixture,Ceramic Tile,B- Assisted Living / Memory Care,2,,3,
214B,Patient Room,Unfinished Hard Floor,B- Assisted Living / Memory Care,2,659,,
214B RR,Restroom by Fixture,Ceramic Tile,B- Assisted Living / Memory Care,2,,3,
215B,Patient Room,Unfinished Hard Floor,B- Assisted Living / Memory Care,2,650,,
215B RR,Restroom by Fixture,Ceramic Tile,B- Assisted Living / Memory Care,2,,3,
216B,Patient Room,Unfinished Hard Floor,B- Assisted Living / Memory Care,2,655,,
216B RR,Restroom by Fixture,Ceramic Tile,B- Assisted Living / Memory Care,2,,3,
217B,Patient Room,Unfinished Hard Floor,B- Assisted Living / Memory Care,2,650,,
217B RR,Restroom by Fixture,Ceramic Tile,B- Assisted Living / Memory Care,2,,3,
218B,Patient Room,Unfinished Hard Floor,B- Assisted Living / Memory Care,2,658,,
218B RR,Restroom by Fixture,Ceramic Tile,B- Assisted Living / Memory Care,2,,3,
219B,Patient Room,Unfinished Hard Floor,B- Assisted Living / Memory Care,2,655,,
219B RR,Restroom by Fixture,Ceramic Tile,B- Assisted Living / Memory Care,2,,3,
220B,Patient Room,Unfinished Hard Floor,B- Assisted Living / Memory Care,2,656,,
220B RR,Restroom by Fixture,Ceramic Tile,B- Assisted Living / Memory Care,2,,3,
221B,Patient Room,Unfinished Hard Floor,B- Assisted Living / Memory Care,2,530,,
221B RR,Restroom by Fixture,Ceramic Tile,B- Assisted Living / Memory Care,2,,3,
222B,Patient Room,Unfinished Hard Floor,B- Assisted Living / Memory Care,2,1021,,
222B RR,Restroom by Fixture,Ceramic Tile,B- Assisted Living / Memory Care,2,,3,
222B RR 2,Restroom by Fixture,Ceramic Tile,B- Assisted Living / Memory Care,2,,3,
223B,Patient Room,Unfinished Hard Floor,B- Assisted Living / Memory Care,2,592,,
223B RR,Restroom by Fixture,Ceramic Tile,B- Assisted Living / Memory Care,2,,3,
224B,Patient Room,Unfinished Hard Floor,B- Assisted Living / Memory Care,2,552,,
224B RR,Restroom by Fixture,Ceramic Tile,B- Assisted Living / Memory Care,2,,3,
225B,Patient Room,Unfinished Hard Floor,B- Assisted Living / Memory Care,2,572,,
225B RR,Restroom by Fixture,Ceramic Tile,B- Assisted Living / Memory Care,2,,3,
226B,Patient Room,Unfinished Hard Floor,B- Assisted Living / Memory Care,2,605,,
226B RR,Restroom by Fixture,Ceramic Tile,B- Assisted Living / Memory Care,2,,3,
227B,Patient Room,Unfinished Hard Floor,B- Assisted Living / Memory Care,2,519,,
227B RR,Restroom by Fixture,Ceramic Tile,B- Assisted Living / Memory Care,2,,3,
2B Family Laundry,Work Room,Unfinished Hard Floor,B- Assisted Living / Memory Care,2,,,
2B Hallway,Hallway,Carpet,B- Assisted Living / Memory Care,2,3191,,
3B Back Hall Restroom,Restroom by Fixture,Ceramic Tile,B- Assisted Living / Memory Care,3,56,2,
3B Trash Room,Soiled Utility,Unfinished Hard Floor,B- Assisted Living / Memory Care,3,25,,
3B Employee Break Room,Lounge,Unfinished Hard Floor,B- Assisted Living / Memory Care,3,264,,
3B Dining Area,Dining Room,Unfinished Hard Floor,B- Assisted Living / Memory Care,3,920,,
3B Dining Restroom,Restroom by Fixture,Ceramic Tile,B- Assisted Living / Memory Care,3,48,2,
3B Theater,Conference Room,Carpet,B- Assisted Living / Memory Care,3,225,,
3B Covered Terrace,Terrace,Stone,B- Assisted Living / Memory Care,3,225,,
3B Family Lobby,Waiting Area,Carpet,B- Assisted Living / Memory Care,3,228,,
3B Nurse Station,Nurses Station,Carpet,B- Assisted Living / Memory Care,3,208,,
3B Med Room,Work Room,Unfinished Hard Floor,B- Assisted Living / Memory Care,3,72,,
3B Great Room,Conference Room,Carpet,B- Assisted Living / Memory Care,3,946,,
3B Lifestyles Coord. Office,Office,Carpet,B- Assisted Living / Memory Care,3,80,,
3B Quiet Room,Waiting Area,Carpet,B- Assisted Living / Memory Care,3,285,,
3B Activity Space,Waiting Area,Carpet,B- Assisted Living / Memory Care,3,572,,
301B,Patient Room,Carpet,B- Assisted Living / Memory Care,3,450,,
301B RR,Restroom by Fixture,Ceramic Tile,B- Assisted Living / Memory Care,3,,3,
302B,Patient Room,Carpet,B- Assisted Living / Memory Care,3,456,,
302B RR,Restroom by Fixture,Ceramic Tile,B- Assisted Living / Memory Care,3,,3,
303B,Patient Room,Carpet,B- Assisted Living / Memory Care,3,595,,
303B RR,Restroom by Fixture,Ceramic Tile,B- Assisted Living / Memory Care,3,,3,
304B,Patient Room,Carpet,B- Assisted Living / Memory Care,3,427,,
304B RR,Restroom by Fixture,Ceramic Tile,B- Assisted Living / Memory Care,3,,3,
305B,Patient Room,Carpet,B- Assisted Living / Memory Care,3,418,,
305B RR,Restroom by Fixture,Ceramic Tile,B- Assisted Living / Memory Care,3,,3,
306B,Patient Room,Carpet,B- Assisted Living / Memory Care,3,423,,
306B RR,Restroom by Fixture,Ceramic Tile,B- Assisted Living / Memory Care,3,,3,
307B,Patient Room,Carpet,B- Assisted Living / Memory Care,3,463,,
307B RR,Restroom by Fixture,Ceramic Tile,B- Assisted Living / Memory Care,3,,3,
308B,Patient Room,Carpet,B- Assisted Living / Memory Care,3,424,,
308B RR,Restroom by Fixture,Ceramic Tile,B- Assisted Living / Memory Care,3,,3,
309B,Patient Room,Carpet,B- Assisted Living / Memory Care,3,760,,
309B RR,Restroom by Fixture,Ceramic Tile,B- Assisted Living / Memory Care,3,,3,
310B,Patient Room,Carpet,B- Assisted Living / Memory Care,3,417,,
310B RR,Restroom by Fixture,Ceramic Tile,B- Assisted Living / Memory Care,3,,3,
311B,Patient Room,Carpet,B- Assisted Living / Memory Care,3,422,,
311B RR,Restroom by Fixture,Ceramic Tile,B- Assisted Living / Memory Care,3,,3,
312B,Patient Room,Carpet,B- Assisted Living / Memory Care,3,427,,
312B RR,Restroom by Fixture,Ceramic Tile,B- Assisted Living / Memory Care,3,,3,
313B,Patient Room,Carpet,B- Assisted Living / Memory Care,3,420,,
313B RR,Restroom by Fixture,Ceramic Tile,B- Assisted Living / Memory Care,3,,3,
314B,Patient Room,Carpet,B- Assisted Living / Memory Care,3,430,,
314B RR,Restroom by Fixture,Ceramic Tile,B- Assisted Living / Memory Care,3,,3,
315B,Patient Room,Carpet,B- Assisted Living / Memory Care,3,422,,
315B RR,Restroom by Fixture,Ceramic Tile,B- Assisted Living / Memory Care,3,,3,
316B,Patient Room,Carpet,B- Assisted Living / Memory Care,3,435,,
316B RR,Restroom by Fixture,Ceramic Tile,B- Assisted Living / Memory Care,3,,3,
317B,Patient Room,Carpet,B- Assisted Living / Memory Care,3,416,,
317B RR,Restroom by Fixture,Ceramic Tile,B- Assisted Living / Memory Care,3,,3,
318B,Patient Room,Carpet,B- Assisted Living / Memory Care,3,420,,
318B RR,Restroom by Fixture,Ceramic Tile,B- Assisted Living / Memory Care,3,,3,
319B,Patient Room,Carpet,B- Assisted Living / Memory Care,3,427,,
319B RR,Restroom by Fixture,Ceramic Tile,B- Assisted Living / Memory Care,3,,3,
320B ,Patient Room,Carpet,B- Assisted Living / Memory Care,3,442,,
320B RR,Restroom by Fixture,Ceramic Tile,B- Assisted Living / Memory Care,3,,3,
321B,Patient Room,Carpet,B- Assisted Living / Memory Care,3,427,,
321B RR,Restroom by Fixture,Ceramic Tile,B- Assisted Living / Memory Care,3,,3,
322B,Patient Room,Carpet,B- Assisted Living / Memory Care,3,425,,
322B RR,Restroom by Fixture,Ceramic Tile,B- Assisted Living / Memory Care,3,,3,
323B,Patient Room,Carpet,B- Assisted Living / Memory Care,3,416,,
323B RR,Restroom by Fixture,Ceramic Tile,B- Assisted Living / Memory Care,3,,3,
324B,Patient Room,Carpet,B- Assisted Living / Memory Care,3,442,,
324B RR,Restroom by Fixture,Ceramic Tile,B- Assisted Living / Memory Care,3,,3,
325B,Patient Room,Carpet,B- Assisted Living / Memory Care,3,433,,
325B RR,Restroom by Fixture,Ceramic Tile,B- Assisted Living / Memory Care,3,,3,
326B,Patient Room,Carpet,B- Assisted Living / Memory Care,3,409,,
326B RR,Restroom by Fixture,Ceramic Tile,B- Assisted Living / Memory Care,3,,3,
327B,Patient Room,Carpet,B- Assisted Living / Memory Care,3,625,,
327B RR,Restroom by Fixture,Ceramic Tile,B- Assisted Living / Memory Care,3,,3,
328B,Patient Room,Carpet,B- Assisted Living / Memory Care,3,433,,
328B RR,Restroom by Fixture,Ceramic Tile,B- Assisted Living / Memory Care,3,,3,
329B,Patient Room,Carpet,B- Assisted Living / Memory Care,3,780,,
329B RR,Restroom by Fixture,Ceramic Tile,B- Assisted Living / Memory Care,3,,3,
330B,Patient Room,Carpet,B- Assisted Living / Memory Care,3,414,,
330B RR,Restroom by Fixture,Ceramic Tile,B- Assisted Living / Memory Care,3,,3,
331B,Patient Room,Carpet,B- Assisted Living / Memory Care,3,419,,
331B RR,Restroom by Fixture,Ceramic Tile,B- Assisted Living / Memory Care,3,,3,
332B,Patient Room,Carpet,B- Assisted Living / Memory Care,3,426,,
332B RR,Restroom by Fixture,Ceramic Tile,B- Assisted Living / Memory Care,3,,3,
3B Hallway,Hallway,Carpet,B- Assisted Living / Memory Care,3,3191,,
,,,,,,,
Loading Dock Hall,Hallway,Unfinished Hard Floor,A- Independent Living,G1,357,,
Maintenance Hall,Hallway,Unfinished Hard Floor,A- Independent Living,G1,350,,
Lead Tech Office,Office,Unfinished Hard Floor,A- Independent Living,G1,208,,
Maintenance Director Office,Office,Unfinished Hard Floor,A- Independent Living,G1,143,,
Housekeeping Hall,Hallway,Unfinished Hard Floor,A- Independent Living,G1,800,,
Housekeeping Locker,Lockers,Unfinished Hard Floor,A- Independent Living,G1,80,,
Housekeeping Director Office,Office,Unfinished Hard Floor,A- Independent Living,G1,110,,
G1 Break Area,Lounge,Unfinished Hard Floor,A- Independent Living,G1,117,,
G1 Shower Area,Restroom by Fixture,Ceramic Tile,A- Independent Living,G1,126,3,
G1 Restroom,Restroom by Fixture,Ceramic Tile,A- Independent Living,G1,60,2,
Garage 1,General Space,Unfinished Hard Floor,A- Independent Living,G1,53894,,
Garage 2,General Space,Unfinished Hard Floor,A- Independent Living,G2,52125,,
Resident Storage #1,Work Room,Unfinished Hard Floor,A- Independent Living,G1,598,,
Trashroom,Soiled Utility,Unfinished Hard Floor,A- Independent Living,G1,408,,
Freight Elevator,Elevator,Unfinished Hard Floor,A- Independent Living,G1,40,,
Soiled Linen Room,Soiled Utility,Unfinished Hard Floor,A- Independent Living,G1,225,,
Clean Linen Room,Clean Utility,Unfinished Hard Floor,A- Independent Living,G1,100,,
Bldg A-B Backhall,Hallway,Unfinished Hard Floor,A- Independent Living,1,279,,
Kitchen Hall,Hallway,Unfinished Hard Floor,A- Independent Living,1,205,,
Staff Lounge,Lounge,Unfinished Hard Floor,A- Independent Living,1,496,,
Locker Area,Lockers,Unfinished Hard Floor,A- Independent Living,1,156,,
Trash Room,Soiled Utility,Unfinished Hard Floor,A- Independent Living,1,32,,
Kitchen Restroom,Restroom by Fixture,Ceramic Tile,A- Independent Living,1,54,2,
A-B Main Hall,Hallway,Unfinished Hard Floor,A- Independent Living,1,320,,
Corporate Hall,Hallway,Unfinished Hard Floor,A- Independent Living,1,477,,
Corporate Waiting Room,Waiting Area,Carpet,A- Independent Living,1,260,,
Corporate Conference Room,Conference Room,Carpet,A- Independent Living,1,225,,
Community Outreach,Office,Carpet,A- Independent Living,1,108,,
Dir. Of Development,Office,Carpet,A- Independent Living,1,143,,
Asst. Director of Development,Office,Carpet,A- Independent Living,1,96,,
Corporate Restroom,Restroom by Fixture,Ceramic Tile,A- Independent Living,1,63,2,
Corporate Work Room,Work Room,Unfinished Hard Floor,A- Independent Living,1,96,,
President Office,Office,Unfinished Hard Floor,A- Independent Living,1,225,,
Clinic Waiting Area / Receptionist,Waiting Area,Carpet,A- Independent Living,1,238,,
Clinic Restroom,Restroom by Fixture,Ceramic Tile,A- Independent Living,1,54,2,
Clinic Exam Room 1,Exam Room,Carpet,A- Independent Living,1,112,,
Clinic Office,Office,Carpet,A- Independent Living,1,80,,
Clinic Therapy Gym,Gym \ Fitness,Unfinished Hard Floor,A- Independent Living,1,156,,
Legacy at Home Office 1,Office,Carpet,A- Independent Living,1,143,,
Legacy at Home Office 2,Office,Carpet,A- Independent Living,1,143,,
Dining Services Manager,Office,Carpet,A- Independent Living,1,143,,
Dining Services Director,Office,Carpet,A- Independent Living,1,143,,
Stanleys Bistro / Terrace,Dining Room,Unfinished Hard Floor,A- Independent Living,1,3300,,
Stanleys Hall,Hallway,Unfinished Hard Floor,A- Independent Living,1,407,,
Stanley Restroom 1,Restroom by Fixture,Ceramic Tile,A- Independent Living,1,42,2,
Stanleys Restroom 2,Restroom by Fixture,Ceramic Tile,A- Independent Living,1,42,2,
Stanleys Restroom 3,Restroom by Fixture,Ceramic Tile,A- Independent Living,1,42,2,
Stanleys Restroom 4 ,Restroom by Fixture,Ceramic Tile,A- Independent Living,1,42,2,
Stanleys Restroom Landing,General Space,Ceramic Tile,A- Independent Living,1,90,,
Private Dining Room,Dining Room,Carpet,A- Independent Living,1,234,,
Main Dining Room,Dining Room,Carpet,A- Independent Living,1,4104,,
Main Dining Host Back,General Space,Unfinished Hard Floor,A- Independent Living,1,136,,
Main Dining Vestibule ,General Space,Unfinished Hard Floor,A- Independent Living,1,432,,
Michaels Pub,Dining Room,Wood,A- Independent Living,1,1610,,
Michaels Pub East,Dining Room,Wood,A- Independent Living,1,308,,
Michaels Pub Restroom,Restroom by Fixture,Ceramic Tile,A- Independent Living,1,40,2,
Michaels Pub Restroom,Restroom by Fixture,Ceramic Tile,A- Independent Living,1,40,2,
Michaels Pub Restroom Landing,General Space,Unfinished Hard Floor,A- Independent Living,1,128,,
Lobby Vestibule,Lobby,Carpet,A- Independent Living,1,144,,
Lobby ,Lobby,Unfinished Hard Floor,A- Independent Living,1,774,,
Concierge Desk,Office,Unfinished Hard Floor,A- Independent Living,1,85,,
Lobby Waiting Area,Waiting Area,Carpet,A- Independent Living,1,1125,,
Lobby Library,Waiting Area,Carpet,A- Independent Living,1,420,,
IL Admin Work Room,Work Room,Unfinished Hard Floor,A- Independent Living,1,70,,
Exec. Admin Asst.,Office,Carpet,A- Independent Living,1,204,,
Exec. Admin Office,Office,Carpet,A- Independent Living,1,289,,
IL Board Room,Conference Room,Carpet,A- Independent Living,1,560,,
IL Mail Room,General Space,Unfinished Hard Floor,A- Independent Living,1,180,,
IL Mail Room Hall,General Space,Unfinished Hard Floor,A- Independent Living,1,168,,
Marketing Waiting Area,Waiting Area,Carpet,A- Independent Living,1,204,,
Marketing Office,Office,Carpet,A- Independent Living,1,80,,
Sales Director,Office,Carpet,A- Independent Living,1,170,,
Design Director,Office,Carpet,A- Independent Living,1,168,,
Chief Marketing Officer,Office,Carpet,A- Independent Living,1,96,,
Card Room,General Space,Carpet,A- Independent Living,1,578,,
Water Fountain Area,General Space,Unfinished Hard Floor,A- Independent Living,1,72,,
Restroom Bank Landing,General Space,Unfinished Hard Floor,A- Independent Living,1,150,,
Restroom 1,Restroom by Fixture,Ceramic Tile,A- Independent Living,1,30,2,
Restroom 2,Restroom by Fixture,Ceramic Tile,A- Independent Living,1,54,2,
Restroom 3,Restroom by Fixture,Ceramic Tile,A- Independent Living,1,36,2,
Restroom 4,Restroom by Fixture,Ceramic Tile,A- Independent Living,1,54,2,
Restroom 5,Restroom by Fixture,Ceramic Tile,A- Independent Living,1,54,2,
Restroom 6,Restroom by Fixture,Ceramic Tile,A- Independent Living,1,36,2,
Restroom 7,Restroom by Fixture,Ceramic Tile,A- Independent Living,1,36,2,
IL Art Studio Hall,General Space,Unfinished Hard Floor,A- Independent Living,1,640,,
IL Art Studio,General Space,Unfinished Hard Floor,A- Independent Living,1,800,,
IL Lifestyles Director,Office,Unfinished Hard Floor,A- Independent Living,1,72,,
IL Art Studio Terrace,Terrace,Stone,A- Independent Living,1,135,,
IL Media Room,Conference Room,Carpet,A- Independent Living,1,1064,,
Rabbi Study Hall,General Space,Unfinished Hard Floor,A- Independent Living,1,60,,
Rabbi Study Office,Office,Carpet,A- Independent Living,1,187,,
Sanctuary,Conference Room,Carpet,A- Independent Living,1,3080,,
IL Fitness Lobby,Waiting Area,Ceramic Tile,A- Independent Living,1,860,,
IL Fitness Restroom,Restroom by Fixture,Ceramic Tile,A- Independent Living,1,48,,
Gym / Golf Sim Area,Gym \ Fitness,Carpet,A- Independent Living,1,2040,,
Aerobic Area,Gym \ Fitness,Unfinished Hard Floor,A- Independent Living,1,1026,,
IL Pool Area ,General Space,Ceramic Tile,A- Independent Living,1,3080,,
Pool Shower,Shower,Ceramic Tile,A- Independent Living,1,135,,
Pool Restroom,Restroom by Fixture,Ceramic Tile,A- Independent Living,1,60,,
Pool Locker,Lockers,Ceramic Tile,A- Independent Living,1,868,,
IL Salon,Salon,Unfinished Hard Floor,A- Independent Living,1,868,,
120A,Patient Room,Unfinished Hard Floor,A- Independent Living,1,1654,,
120A RR 1,Restroom by Fixture,Ceramic Tile,A- Independent Living,1,,3,
120A R2,Restroom by Fixture,Ceramic Tile,A- Independent Living,1,,3,
120A RR3,Restroom by Fixture,Ceramic Tile,A- Independent Living,1,,2,
121A,Patient Room,Unfinished Hard Floor,A- Independent Living,1,1558,,
121A RR 1 ,Restroom by Fixture,Ceramic Tile,A- Independent Living,1,,3,
121A RR 2,Restroom by Fixture,Ceramic Tile,A- Independent Living,1,,3,
122A,Patient Room,Unfinished Hard Floor,A- Independent Living,1,1249,,
122A RR 1,Restroom by Fixture,Ceramic Tile,A- Independent Living,1,,3,
122A RR 2,Restroom by Fixture,Ceramic Tile,A- Independent Living,1,,2,
123A,Patient Room,Unfinished Hard Floor,A- Independent Living,1,1198,,
123A RR 1,Restroom by Fixture,Ceramic Tile,A- Independent Living,1,,3,
123A RR 2,Restroom by Fixture,Ceramic Tile,A- Independent Living,1,,2,
124A,Patient Room,Unfinished Hard Floor,A- Independent Living,1,1506,,
124A RR 1,Restroom by Fixture,Ceramic Tile,A- Independent Living,1,,3,
124A RR 22,Restroom by Fixture,Ceramic Tile,A- Independent Living,1,,3,
126A,Patient Room,Unfinished Hard Floor,A- Independent Living,1,1557,,
126A RR 1,Restroom by Fixture,Ceramic Tile,A- Independent Living,1,,3,
126A RR 2,Restroom by Fixture,Ceramic Tile,A- Independent Living,1,,3,
201A,Patient Room,Unfinished Hard Floor,A- Independent Living,2,1281,,
201A R1,Restroom by Fixture,Ceramic Tile,A- Independent Living,2,,3,
201A R2,Restroom by Fixture,Ceramic Tile,A- Independent Living,2,,3,
202A,Patient Room,Unfinished Hard Floor,A- Independent Living,2,1783,,
202A R1,Restroom by Fixture,Ceramic Tile,A- Independent Living,2,,3,
202A R2,Restroom by Fixture,Ceramic Tile,A- Independent Living,2,,3,
202A RR3,Restroom by Fixture,Ceramic Tile,A- Independent Living,2,,2,
203A,Patient Room,Unfinished Hard Floor,A- Independent Living,2,1307,,
203A R1,Restroom by Fixture,Ceramic Tile,A- Independent Living,2,,3,
203A R2,Restroom by Fixture,Ceramic Tile,A- Independent Living,2,,3,
204A,Patient Room,Unfinished Hard Floor,A- Independent Living,2,1282,,
204A R1,Restroom by Fixture,Ceramic Tile,A- Independent Living,2,,3,
204A R2,Restroom by Fixture,Ceramic Tile,A- Independent Living,2,,2,
205A,Patient Room,Unfinished Hard Floor,A- Independent Living,2,1249,,
205A R1,Restroom by Fixture,Ceramic Tile,A- Independent Living,2,,3,
205A R2,Restroom by Fixture,Ceramic Tile,A- Independent Living,2,,2,
206A,Patient Room,Unfinished Hard Floor,A- Independent Living,2,1274,,
206A R1,Restroom by Fixture,Ceramic Tile,A- Independent Living,2,,3,
206A R2,Restroom by Fixture,Ceramic Tile,A- Independent Living,2,,3,
207A,Patient Room,Unfinished Hard Floor,A- Independent Living,2,1376,,
207A R1,Restroom by Fixture,Ceramic Tile,A- Independent Living,2,,3,
207A R2,Restroom by Fixture,Ceramic Tile,A- Independent Living,2,,3,
208A,Patient Room,Unfinished Hard Floor,A- Independent Living,2,1305,,
208A R1,Restroom by Fixture,Ceramic Tile,A- Independent Living,2,,3,
208A R2,Restroom by Fixture,Ceramic Tile,A- Independent Living,2,,3,
209A,Patient Room,Unfinished Hard Floor,A- Independent Living,2,1298,,
209A R1,Restroom by Fixture,Ceramic Tile,A- Independent Living,2,,3,
209A R2,Restroom by Fixture,Ceramic Tile,A- Independent Living,2,,3,
210A,Patient Room,Unfinished Hard Floor,A- Independent Living,2,1200,,
210A R1,Restroom by Fixture,Ceramic Tile,A- Independent Living,2,,3,
210A R2,Restroom by Fixture,Ceramic Tile,A- Independent Living,2,,2,
211A,Patient Room,Unfinished Hard Floor,A- Independent Living,2,1262,,
211A R1,Restroom by Fixture,Ceramic Tile,A- Independent Living,2,,3,
211A R2,Restroom by Fixture,Ceramic Tile,A- Independent Living,2,,2,
212A,Patient Room,Unfinished Hard Floor,A- Independent Living,2,1530,,
212A R1,Restroom by Fixture,Ceramic Tile,A- Independent Living,2,,3,
212A R2,Restroom by Fixture,Ceramic Tile,A- Independent Living,2,,3,
213A,Patient Room,Unfinished Hard Floor,A- Independent Living,2,1056,,
213A R1,Restroom by Fixture,Ceramic Tile,A- Independent Living,2,,3,
214A,Patient Room,Unfinished Hard Floor,A- Independent Living,2,1451,,
214A R1,Restroom by Fixture,Ceramic Tile,A- Independent Living,2,,3,
214A R2,Restroom by Fixture,Ceramic Tile,A- Independent Living,2,,3,
215A,Patient Room,Unfinished Hard Floor,A- Independent Living,2,1665,,
215A R1,Restroom by Fixture,Ceramic Tile,A- Independent Living,2,,3,
215A R2,Restroom by Fixture,Ceramic Tile,A- Independent Living,2,,3,
216A,Patient Room,Unfinished Hard Floor,A- Independent Living,2,1209,,
216A R1,Restroom by Fixture,Ceramic Tile,A- Independent Living,2,,3,
216A R2,Restroom by Fixture,Ceramic Tile,A- Independent Living,2,,2,
217A,Patient Room,Unfinished Hard Floor,A- Independent Living,2,1536,,
217A R1,Restroom by Fixture,Ceramic Tile,A- Independent Living,2,,3,
217A R2,Restroom by Fixture,Ceramic Tile,A- Independent Living,2,,3,
218A,Patient Room,Unfinished Hard Floor,A- Independent Living,2,1128,,
218A R1,Restroom by Fixture,Ceramic Tile,A- Independent Living,2,,3,
218A R2,Restroom by Fixture,Ceramic Tile,A- Independent Living,2,,2,
219A,Patient Room,Unfinished Hard Floor,A- Independent Living,2,705,,
219A R1,Restroom by Fixture,Ceramic Tile,A- Independent Living,2,,3,
220A,Patient Room,Unfinished Hard Floor,A- Independent Living,2,1276,,
220A R1,Restroom by Fixture,Ceramic Tile,A- Independent Living,2,,3,
220A R2,Restroom by Fixture,Ceramic Tile,A- Independent Living,2,,3,
221A,Patient Room,Unfinished Hard Floor,A- Independent Living,2,715,,
221A R1,Restroom by Fixture,Ceramic Tile,A- Independent Living,2,,3,
222A,Patient Room,Unfinished Hard Floor,A- Independent Living,2,1249,,
222A R1,Restroom by Fixture,Ceramic Tile,A- Independent Living,2,,3,
222A R2,Restroom by Fixture,Ceramic Tile,A- Independent Living,2,,2,
223A,Patient Room,Unfinished Hard Floor,A- Independent Living,2,718,,
223A R1,Restroom by Fixture,Ceramic Tile,A- Independent Living,2,,3,
224A,Patient Room,Unfinished Hard Floor,A- Independent Living,2,1506,,
224A R1,Restroom by Fixture,Ceramic Tile,A- Independent Living,2,,3,
224A R2,Restroom by Fixture,Ceramic Tile,A- Independent Living,2,,3,
225A,Patient Room,Unfinished Hard Floor,A- Independent Living,2,924,,
225A R1,Restroom by Fixture,Ceramic Tile,A- Independent Living,2,,3,
226A,Patient Room,Unfinished Hard Floor,A- Independent Living,2,1534,,
226A R1,Restroom by Fixture,Ceramic Tile,A- Independent Living,2,,3,
226A R2,Restroom by Fixture,Ceramic Tile,A- Independent Living,2,,3,
2A Hallway,General Space,Carpet,A- Independent Living,2,3536,,
301A,Patient Room,Unfinished Hard Floor,A- Independent Living,3,1281,,
301A R1,Restroom by Fixture,Ceramic Tile,A- Independent Living,3,,3,
301A R2,Restroom by Fixture,Ceramic Tile,A- Independent Living,3,,3,
302A,Patient Room,Unfinished Hard Floor,A- Independent Living,3,1783,,
302A R1,Restroom by Fixture,Ceramic Tile,A- Independent Living,3,,3,
302A R2,Restroom by Fixture,Ceramic Tile,A- Independent Living,3,,3,
302A RR3,Restroom by Fixture,Ceramic Tile,A- Independent Living,3,,2,
303A,Patient Room,Unfinished Hard Floor,A- Independent Living,3,1307,,
303A R1,Restroom by Fixture,Ceramic Tile,A- Independent Living,3,,3,
303A R2,Restroom by Fixture,Ceramic Tile,A- Independent Living,3,,3,
304A,Patient Room,Unfinished Hard Floor,A- Independent Living,3,1282,,
304A R1,Restroom by Fixture,Ceramic Tile,A- Independent Living,3,,3,
304A R2,Restroom by Fixture,Ceramic Tile,A- Independent Living,3,,2,
305A,Patient Room,Unfinished Hard Floor,A- Independent Living,3,1249,,
305A R1,Restroom by Fixture,Ceramic Tile,A- Independent Living,3,,3,
305A R2,Restroom by Fixture,Ceramic Tile,A- Independent Living,3,,2,
306A,Patient Room,Unfinished Hard Floor,A- Independent Living,3,1274,,
306A R1,Restroom by Fixture,Ceramic Tile,A- Independent Living,3,,3,
306A R2,Restroom by Fixture,Ceramic Tile,A- Independent Living,3,,3,
307A,Patient Room,Unfinished Hard Floor,A- Independent Living,3,1376,,
307A R1,Restroom by Fixture,Ceramic Tile,A- Independent Living,3,,3,
307A R2,Restroom by Fixture,Ceramic Tile,A- Independent Living,3,,3,
308A,Patient Room,Unfinished Hard Floor,A- Independent Living,3,1305,,
308A R1,Restroom by Fixture,Ceramic Tile,A- Independent Living,3,,3,
308A R2,Restroom by Fixture,Ceramic Tile,A- Independent Living,3,,3,
309A,Patient Room,Unfinished Hard Floor,A- Independent Living,3,1298,,
309A R1,Restroom by Fixture,Ceramic Tile,A- Independent Living,3,,3,
309A R2,Restroom by Fixture,Ceramic Tile,A- Independent Living,3,,3,
310A,Patient Room,Unfinished Hard Floor,A- Independent Living,3,1200,,
310A R1,Restroom by Fixture,Ceramic Tile,A- Independent Living,3,,3,
310A R2,Restroom by Fixture,Ceramic Tile,A- Independent Living,3,,2,
311A,Patient Room,Unfinished Hard Floor,A- Independent Living,3,1262,,
311A R1,Restroom by Fixture,Ceramic Tile,A- Independent Living,3,,3,
311A R2,Restroom by Fixture,Ceramic Tile,A- Independent Living,3,,2,
312A,Patient Room,Unfinished Hard Floor,A- Independent Living,3,1530,,
312A R1,Restroom by Fixture,Ceramic Tile,A- Independent Living,3,,3,
312A R2,Restroom by Fixture,Ceramic Tile,A- Independent Living,3,,3,
313A,Patient Room,Unfinished Hard Floor,A- Independent Living,3,1056,,
313A R1,Restroom by Fixture,Ceramic Tile,A- Independent Living,3,,3,
314A,Patient Room,Unfinished Hard Floor,A- Independent Living,3,1451,,
314A R1,Restroom by Fixture,Ceramic Tile,A- Independent Living,3,,3,
314A R2,Restroom by Fixture,Ceramic Tile,A- Independent Living,3,,3,
315A,Patient Room,Unfinished Hard Floor,A- Independent Living,3,1665,,
315A R1,Restroom by Fixture,Ceramic Tile,A- Independent Living,3,,3,
315A R2,Restroom by Fixture,Ceramic Tile,A- Independent Living,3,,3,
316A,Patient Room,Unfinished Hard Floor,A- Independent Living,3,1209,,
316A R1,Restroom by Fixture,Ceramic Tile,A- Independent Living,3,,3,
316A R2,Restroom by Fixture,Ceramic Tile,A- Independent Living,3,,2,
317A,Patient Room,Unfinished Hard Floor,A- Independent Living,3,1536,,
317A R1,Restroom by Fixture,Ceramic Tile,A- Independent Living,3,,3,
317A R2,Restroom by Fixture,Ceramic Tile,A- Independent Living,3,,3,
318A,Patient Room,Unfinished Hard Floor,A- Independent Living,3,1128,,
318A R1,Restroom by Fixture,Ceramic Tile,A- Independent Living,3,,3,
318A R2,Restroom by Fixture,Ceramic Tile,A- Independent Living,3,,2,
319A,Patient Room,Unfinished Hard Floor,A- Independent Living,3,705,,
319A R1,Restroom by Fixture,Ceramic Tile,A- Independent Living,3,,3,
320A,Patient Room,Unfinished Hard Floor,A- Independent Living,3,1276,,
320A R1,Restroom by Fixture,Ceramic Tile,A- Independent Living,3,,3,
320A R2,Restroom by Fixture,Ceramic Tile,A- Independent Living,3,,3,
321A,Patient Room,Unfinished Hard Floor,A- Independent Living,3,715,,
321A R1,Restroom by Fixture,Ceramic Tile,A- Independent Living,3,,3,
322A,Patient Room,Unfinished Hard Floor,A- Independent Living,3,1249,,
322A R1,Restroom by Fixture,Ceramic Tile,A- Independent Living,3,,3,
322A R2,Restroom by Fixture,Ceramic Tile,A- Independent Living,3,,2,
323A,Patient Room,Unfinished Hard Floor,A- Independent Living,3,718,,
323A R1,Restroom by Fixture,Ceramic Tile,A- Independent Living,3,,3,
324A,Patient Room,Unfinished Hard Floor,A- Independent Living,3,1506,,
324A R1,Restroom by Fixture,Ceramic Tile,A- Independent Living,3,,3,
324A R2,Restroom by Fixture,Ceramic Tile,A- Independent Living,3,,3,
325A,Patient Room,Unfinished Hard Floor,A- Independent Living,3,924,,
325A R1,Restroom by Fixture,Ceramic Tile,A- Independent Living,3,,3,
326A,Patient Room,Unfinished Hard Floor,A- Independent Living,3,1534,,
326A R1,Restroom by Fixture,Ceramic Tile,A- Independent Living,3,,3,
326A R2,Restroom by Fixture,Ceramic Tile,A- Independent Living,3,,3,
3A Hallway,General Space,Carpet,A- Independent Living,3,3536,,
401A,Patient Room,Unfinished Hard Floor,A- Independent Living,4,1281,,
401A R1,Restroom by Fixture,Ceramic Tile,A- Independent Living,4,,3,
401A R2,Restroom by Fixture,Ceramic Tile,A- Independent Living,4,,3,
402A,Patient Room,Unfinished Hard Floor,A- Independent Living,4,1783,,
402A R1,Restroom by Fixture,Ceramic Tile,A- Independent Living,4,,3,
402A R2,Restroom by Fixture,Ceramic Tile,A- Independent Living,4,,3,
402A RR3,Restroom by Fixture,Ceramic Tile,A- Independent Living,4,,2,
403A ,Patient Room,Unfinished Hard Floor,A- Independent Living,4,1307,,
403A R1,Restroom by Fixture,Ceramic Tile,A- Independent Living,4,,3,
403A R2,Restroom by Fixture,Ceramic Tile,A- Independent Living,4,,3,
404A,Patient Room,Unfinished Hard Floor,A- Independent Living,4,1282,,
404A R1,Restroom by Fixture,Ceramic Tile,A- Independent Living,4,,3,
404A R2,Restroom by Fixture,Ceramic Tile,A- Independent Living,4,,2,
405A,Patient Room,Unfinished Hard Floor,A- Independent Living,4,1249,,
405A R1,Restroom by Fixture,Ceramic Tile,A- Independent Living,4,,3,
405A R2,Restroom by Fixture,Ceramic Tile,A- Independent Living,4,,2,
406A,Patient Room,Unfinished Hard Floor,A- Independent Living,4,1274,,
406A R1,Restroom by Fixture,Ceramic Tile,A- Independent Living,4,,3,
406A R2,Restroom by Fixture,Ceramic Tile,A- Independent Living,4,,3,
407A,Patient Room,Unfinished Hard Floor,A- Independent Living,4,1376,,
407A R1,Restroom by Fixture,Ceramic Tile,A- Independent Living,4,,3,
407A R2,Restroom by Fixture,Ceramic Tile,A- Independent Living,4,,3,
408A,Patient Room,Unfinished Hard Floor,A- Independent Living,4,1305,,
408A R1,Restroom by Fixture,Ceramic Tile,A- Independent Living,4,,3,
408A R2,Restroom by Fixture,Ceramic Tile,A- Independent Living,4,,3,
409A,Patient Room,Unfinished Hard Floor,A- Independent Living,4,1298,,
409A R1,Restroom by Fixture,Ceramic Tile,A- Independent Living,4,,3,
409A R2,Restroom by Fixture,Ceramic Tile,A- Independent Living,4,,3,
410A,Patient Room,Unfinished Hard Floor,A- Independent Living,4,1200,,
410A R1,Restroom by Fixture,Ceramic Tile,A- Independent Living,4,,3,
410A R2,Restroom by Fixture,Ceramic Tile,A- Independent Living,4,,2,
411A,Patient Room,Unfinished Hard Floor,A- Independent Living,4,1262,,
411A R1,Restroom by Fixture,Ceramic Tile,A- Independent Living,4,,3,
411A R2,Restroom by Fixture,Ceramic Tile,A- Independent Living,4,,2,
412A,Patient Room,Unfinished Hard Floor,A- Independent Living,4,1530,,
412A R1,Restroom by Fixture,Ceramic Tile,A- Independent Living,4,,3,
412A R2,Restroom by Fixture,Ceramic Tile,A- Independent Living,4,,3,
413A,Patient Room,Unfinished Hard Floor,A- Independent Living,4,1056,,
413A R1,Restroom by Fixture,Ceramic Tile,A- Independent Living,4,,3,
414A,Patient Room,Unfinished Hard Floor,A- Independent Living,4,1451,,
414A R1,Restroom by Fixture,Ceramic Tile,A- Independent Living,4,,3,
414A R2,Restroom by Fixture,Ceramic Tile,A- Independent Living,4,,3,
415A,Patient Room,Unfinished Hard Floor,A- Independent Living,4,1665,,
415A R1,Restroom by Fixture,Ceramic Tile,A- Independent Living,4,,3,
415A R2,Restroom by Fixture,Ceramic Tile,A- Independent Living,4,,3,
416A,Patient Room,Unfinished Hard Floor,A- Independent Living,4,1209,,
416A R1,Restroom by Fixture,Ceramic Tile,A- Independent Living,4,,3,
416A R2,Restroom by Fixture,Ceramic Tile,A- Independent Living,4,,2,
417A,Patient Room,Unfinished Hard Floor,A- Independent Living,4,1536,,
417A R1,Restroom by Fixture,Ceramic Tile,A- Independent Living,4,,3,
417A R2,Restroom by Fixture,Ceramic Tile,A- Independent Living,4,,3,
418A,Patient Room,Unfinished Hard Floor,A- Independent Living,4,1128,,
418A R1,Restroom by Fixture,Ceramic Tile,A- Independent Living,4,,3,
418A R2,Restroom by Fixture,Ceramic Tile,A- Independent Living,4,,2,
419A,Patient Room,Unfinished Hard Floor,A- Independent Living,4,705,,
419A R1,Restroom by Fixture,Ceramic Tile,A- Independent Living,4,,3,
420A,Patient Room,Unfinished Hard Floor,A- Independent Living,4,1276,,
420A R1,Restroom by Fixture,Ceramic Tile,A- Independent Living,4,,3,
420A R2,Restroom by Fixture,Ceramic Tile,A- Independent Living,4,,3,
421A,Patient Room,Unfinished Hard Floor,A- Independent Living,4,715,,
421A R1,Restroom by Fixture,Ceramic Tile,A- Independent Living,4,,3,
422A,Patient Room,Unfinished Hard Floor,A- Independent Living,4,1249,,
422A R1,Restroom by Fixture,Ceramic Tile,A- Independent Living,4,,3,
422A R2,Restroom by Fixture,Ceramic Tile,A- Independent Living,4,,2,
423A,Patient Room,Unfinished Hard Floor,A- Independent Living,4,718,,
423A R1,Restroom by Fixture,Ceramic Tile,A- Independent Living,4,,3,
424A,Patient Room,Unfinished Hard Floor,A- Independent Living,4,1506,,
424A R1,Restroom by Fixture,Ceramic Tile,A- Independent Living,4,,3,
424A R2,Restroom by Fixture,Ceramic Tile,A- Independent Living,4,,3,
425A,Patient Room,Unfinished Hard Floor,A- Independent Living,4,924,,
425A R1,Restroom by Fixture,Ceramic Tile,A- Independent Living,4,,3,
426A,Patient Room,Unfinished Hard Floor,A- Independent Living,4,1534,,
426A R1,Restroom by Fixture,Ceramic Tile,A- Independent Living,4,,3,
426A R2,Restroom by Fixture,Ceramic Tile,A- Independent Living,4,,3,
4A Hallway,General Space,Carpet,A- Independent Living,4,3536,,
501A,Patient Room,Unfinished Hard Floor,A- Independent Living,5,1281,,
501A R1,Restroom by Fixture,Ceramic Tile,A- Independent Living,5,,3,
501A R2,Restroom by Fixture,Ceramic Tile,A- Independent Living,5,,3,
502A,Patient Room,Unfinished Hard Floor,A- Independent Living,5,1783,,
502A R1,Restroom by Fixture,Ceramic Tile,A- Independent Living,5,,3,
502A R2,Restroom by Fixture,Ceramic Tile,A- Independent Living,5,,3,
502A RR3,Restroom by Fixture,Ceramic Tile,A- Independent Living,5,,2,
503A,Patient Room,Unfinished Hard Floor,A- Independent Living,5,1307,,
503A R1,Restroom by Fixture,Ceramic Tile,A- Independent Living,5,,3,
503A R2,Restroom by Fixture,Ceramic Tile,A- Independent Living,5,,3,
504A,Patient Room,Unfinished Hard Floor,A- Independent Living,5,1282,,
504A R1,Restroom by Fixture,Ceramic Tile,A- Independent Living,5,,3,
504A R2,Restroom by Fixture,Ceramic Tile,A- Independent Living,5,,2,
505A,Patient Room,Unfinished Hard Floor,A- Independent Living,5,1249,,
505A R1,Restroom by Fixture,Ceramic Tile,A- Independent Living,5,,3,
505A R2,Restroom by Fixture,Ceramic Tile,A- Independent Living,5,,2,
506A,Patient Room,Unfinished Hard Floor,A- Independent Living,5,1274,,
506A R1,Restroom by Fixture,Ceramic Tile,A- Independent Living,5,,3,
506A R2,Restroom by Fixture,Ceramic Tile,A- Independent Living,5,,3,
507A,Patient Room,Unfinished Hard Floor,A- Independent Living,5,1376,,
507A R1,Restroom by Fixture,Ceramic Tile,A- Independent Living,5,,3,
507A R2,Restroom by Fixture,Ceramic Tile,A- Independent Living,5,,3,
508A,Patient Room,Unfinished Hard Floor,A- Independent Living,5,1305,,
508A R1,Restroom by Fixture,Ceramic Tile,A- Independent Living,5,,3,
508A R2,Restroom by Fixture,Ceramic Tile,A- Independent Living,5,,3,
509A,Patient Room,Unfinished Hard Floor,A- Independent Living,5,1298,,
509A R1,Restroom by Fixture,Ceramic Tile,A- Independent Living,5,,3,
509A R2,Restroom by Fixture,Ceramic Tile,A- Independent Living,5,,3,
510A,Patient Room,Unfinished Hard Floor,A- Independent Living,5,1200,,
510A R1,Restroom by Fixture,Ceramic Tile,A- Independent Living,5,,3,
510A R2,Restroom by Fixture,Ceramic Tile,A- Independent Living,5,,2,
511A,Patient Room,Unfinished Hard Floor,A- Independent Living,5,1262,,
511A R1,Restroom by Fixture,Ceramic Tile,A- Independent Living,5,,3,
511A R2,Restroom by Fixture,Ceramic Tile,A- Independent Living,5,,2,
512A,Patient Room,Unfinished Hard Floor,A- Independent Living,5,1530,,
512A R1,Restroom by Fixture,Ceramic Tile,A- Independent Living,5,,3,
512A R2,Restroom by Fixture,Ceramic Tile,A- Independent Living,5,,3,
513A,Patient Room,Unfinished Hard Floor,A- Independent Living,5,1056,,
513A R1,Restroom by Fixture,Ceramic Tile,A- Independent Living,5,,3,
514A,Patient Room,Unfinished Hard Floor,A- Independent Living,5,1451,,
514A R1,Restroom by Fixture,Ceramic Tile,A- Independent Living,5,,3,
514A R2,Restroom by Fixture,Ceramic Tile,A- Independent Living,5,,3,
515A,Patient Room,Unfinished Hard Floor,A- Independent Living,5,1665,,
515A R1,Restroom by Fixture,Ceramic Tile,A- Independent Living,5,,3,
515A R2,Restroom by Fixture,Ceramic Tile,A- Independent Living,5,,3,
516A,Patient Room,Unfinished Hard Floor,A- Independent Living,5,1209,,
516A R1,Restroom by Fixture,Ceramic Tile,A- Independent Living,5,,3,
516A R2,Restroom by Fixture,Ceramic Tile,A- Independent Living,5,,2,
517A,Patient Room,Unfinished Hard Floor,A- Independent Living,5,1536,,
517A R1,Restroom by Fixture,Ceramic Tile,A- Independent Living,5,,3,
517A R2,Restroom by Fixture,Ceramic Tile,A- Independent Living,5,,3,
518A,Patient Room,Unfinished Hard Floor,A- Independent Living,5,1128,,
518A R1,Restroom by Fixture,Ceramic Tile,A- Independent Living,5,,3,
518A R2,Restroom by Fixture,Ceramic Tile,A- Independent Living,5,,2,
519A,Patient Room,Unfinished Hard Floor,A- Independent Living,5,705,,
519A R1,Restroom by Fixture,Ceramic Tile,A- Independent Living,5,,3,
520A,Patient Room,Unfinished Hard Floor,A- Independent Living,5,1276,,
520A R1,Restroom by Fixture,Ceramic Tile,A- Independent Living,5,,3,
520A R2,Restroom by Fixture,Ceramic Tile,A- Independent Living,5,,3,
521A,Patient Room,Unfinished Hard Floor,A- Independent Living,5,715,,
521A R1,Restroom by Fixture,Ceramic Tile,A- Independent Living,5,,3,
522A,Patient Room,Unfinished Hard Floor,A- Independent Living,5,1249,,
522A R1,Restroom by Fixture,Ceramic Tile,A- Independent Living,5,,3,
522A R2,Restroom by Fixture,Ceramic Tile,A- Independent Living,5,,2,
523A,Patient Room,Unfinished Hard Floor,A- Independent Living,5,718,,
523A R1,Restroom by Fixture,Ceramic Tile,A- Independent Living,5,,3,
524A,Patient Room,Unfinished Hard Floor,A- Independent Living,5,1506,,
524A R1,Restroom by Fixture,Ceramic Tile,A- Independent Living,5,,3,
524A R2,Restroom by Fixture,Ceramic Tile,A- Independent Living,5,,3,
525A,Patient Room,Unfinished Hard Floor,A- Independent Living,5,924,,
525A R1,Restroom by Fixture,Ceramic Tile,A- Independent Living,5,,3,
526A,Patient Room,Unfinished Hard Floor,A- Independent Living,5,1534,,
526A R1,Restroom by Fixture,Ceramic Tile,A- Independent Living,5,,3,
526A R2,Restroom by Fixture,Ceramic Tile,A- Independent Living,5,,3,
5A Hallway,General Space,Carpet,A- Independent Living,5,3536,,
601A,Patient Room,Unfinished Hard Floor,A- Independent Living,6,1281,,
601A R1,Restroom by Fixture,Ceramic Tile,A- Independent Living,6,,3,
601A R2,Restroom by Fixture,Ceramic Tile,A- Independent Living,6,,3,
602A,Patient Room,Unfinished Hard Floor,A- Independent Living,6,1783,,
602A R1,Restroom by Fixture,Ceramic Tile,A- Independent Living,6,,3,
602A R2,Restroom by Fixture,Ceramic Tile,A- Independent Living,6,,3,
602A RR3,Restroom by Fixture,Ceramic Tile,A- Independent Living,6,,2,
603A,Patient Room,Unfinished Hard Floor,A- Independent Living,6,1307,,
603A R1,Restroom by Fixture,Ceramic Tile,A- Independent Living,6,,3,
603A R2,Restroom by Fixture,Ceramic Tile,A- Independent Living,6,,3,
604A,Patient Room,Unfinished Hard Floor,A- Independent Living,6,1282,,
604A R1,Restroom by Fixture,Ceramic Tile,A- Independent Living,6,,3,
604A R2,Restroom by Fixture,Ceramic Tile,A- Independent Living,6,,2,
605A,Patient Room,Unfinished Hard Floor,A- Independent Living,6,1249,,
605A R1,Restroom by Fixture,Ceramic Tile,A- Independent Living,6,,3,
605A R2,Restroom by Fixture,Ceramic Tile,A- Independent Living,6,,2,
606A,Patient Room,Unfinished Hard Floor,A- Independent Living,6,1274,,
606A R1,Restroom by Fixture,Ceramic Tile,A- Independent Living,6,,3,
606A R2,Restroom by Fixture,Ceramic Tile,A- Independent Living,6,,3,
607A,Patient Room,Unfinished Hard Floor,A- Independent Living,6,1376,,
607A R1,Restroom by Fixture,Ceramic Tile,A- Independent Living,6,,3,
607A R2,Restroom by Fixture,Ceramic Tile,A- Independent Living,6,,3,
608A,Patient Room,Unfinished Hard Floor,A- Independent Living,6,1305,,
608A R1,Restroom by Fixture,Ceramic Tile,A- Independent Living,6,,3,
608A R2,Restroom by Fixture,Ceramic Tile,A- Independent Living,6,,3,
609A,Patient Room,Unfinished Hard Floor,A- Independent Living,6,1298,,
609A R1,Restroom by Fixture,Ceramic Tile,A- Independent Living,6,,3,
609A R2,Restroom by Fixture,Ceramic Tile,A- Independent Living,6,,3,
610A,Patient Room,Unfinished Hard Floor,A- Independent Living,6,1200,,
610A R1,Restroom by Fixture,Ceramic Tile,A- Independent Living,6,,3,
610A R2,Restroom by Fixture,Ceramic Tile,A- Independent Living,6,,2,
611A,Patient Room,Unfinished Hard Floor,A- Independent Living,6,1262,,
611A R1,Restroom by Fixture,Ceramic Tile,A- Independent Living,6,,3,
611A R2,Restroom by Fixture,Ceramic Tile,A- Independent Living,6,,2,
612A,Patient Room,Unfinished Hard Floor,A- Independent Living,6,1530,,
612A R1,Restroom by Fixture,Ceramic Tile,A- Independent Living,6,,3,
612A R2,Restroom by Fixture,Ceramic Tile,A- Independent Living,6,,3,
613A,Patient Room,Unfinished Hard Floor,A- Independent Living,6,1056,,
613A R1,Restroom by Fixture,Ceramic Tile,A- Independent Living,6,,3,
614A,Patient Room,Unfinished Hard Floor,A- Independent Living,6,1451,,
614A R1,Restroom by Fixture,Ceramic Tile,A- Independent Living,6,,3,
614A R2,Restroom by Fixture,Ceramic Tile,A- Independent Living,6,,3,
615A,Patient Room,Unfinished Hard Floor,A- Independent Living,6,1665,,
615A R1,Restroom by Fixture,Ceramic Tile,A- Independent Living,6,,3,
615A R2,Restroom by Fixture,Ceramic Tile,A- Independent Living,6,,3,
616A,Patient Room,Unfinished Hard Floor,A- Independent Living,6,1209,,
616A R1,Restroom by Fixture,Ceramic Tile,A- Independent Living,6,,3,
616A R2,Restroom by Fixture,Ceramic Tile,A- Independent Living,6,,2,
617A,Patient Room,Unfinished Hard Floor,A- Independent Living,6,1536,,
617A R1,Restroom by Fixture,Ceramic Tile,A- Independent Living,6,,3,
617A R2,Restroom by Fixture,Ceramic Tile,A- Independent Living,6,,3,
618A,Patient Room,Unfinished Hard Floor,A- Independent Living,6,1128,,
618A R1,Restroom by Fixture,Ceramic Tile,A- Independent Living,6,,3,
618A R2,Restroom by Fixture,Ceramic Tile,A- Independent Living,6,,2,
619A,Patient Room,Unfinished Hard Floor,A- Independent Living,6,705,,
619A R1,Restroom by Fixture,Ceramic Tile,A- Independent Living,6,,3,
620A,Patient Room,Unfinished Hard Floor,A- Independent Living,6,1276,,
620A R1,Restroom by Fixture,Ceramic Tile,A- Independent Living,6,,3,
620A R2,Restroom by Fixture,Ceramic Tile,A- Independent Living,6,,3,
621A,Patient Room,Unfinished Hard Floor,A- Independent Living,6,715,,
621A R1,Restroom by Fixture,Ceramic Tile,A- Independent Living,6,,3,
622A,Patient Room,Unfinished Hard Floor,A- Independent Living,6,1249,,
622A R1,Restroom by Fixture,Ceramic Tile,A- Independent Living,6,,3,
622A R2,Restroom by Fixture,Ceramic Tile,A- Independent Living,6,,2,
623A,Patient Room,Unfinished Hard Floor,A- Independent Living,6,718,,
623A R1,Restroom by Fixture,Ceramic Tile,A- Independent Living,6,,3,
624A,Patient Room,Unfinished Hard Floor,A- Independent Living,6,1506,,
624A R1,Restroom by Fixture,Ceramic Tile,A- Independent Living,6,,3,
624A R2,Restroom by Fixture,Ceramic Tile,A- Independent Living,6,,3,
625A,Patient Room,Unfinished Hard Floor,A- Independent Living,6,924,,
625A R1,Restroom by Fixture,Ceramic Tile,A- Independent Living,6,,3,
626A,Patient Room,Unfinished Hard Floor,A- Independent Living,6,1534,,
626A R1,Restroom by Fixture,Ceramic Tile,A- Independent Living,6,,3,
626A R2,Restroom by Fixture,Ceramic Tile,A- Independent Living,6,,3,
6A Hallway,General Space,Carpet,A- Independent Living,6,3536,,
701A,Patient Room,Unfinished Hard Floor,A- Independent Living,7,1281,,
701A R1,Restroom by Fixture,Ceramic Tile,A- Independent Living,7,,3,
701A R2,Restroom by Fixture,Ceramic Tile,A- Independent Living,7,,3,
702A,Patient Room,Unfinished Hard Floor,A- Independent Living,7,1783,,
702A R1,Restroom by Fixture,Ceramic Tile,A- Independent Living,7,,3,
702A R2,Restroom by Fixture,Ceramic Tile,A- Independent Living,7,,3,
702A R3,Restroom by Fixture,Ceramic Tile,A- Independent Living,7,,2,
703A,Patient Room,Unfinished Hard Floor,A- Independent Living,7,1307,,
703A R1,Restroom by Fixture,Ceramic Tile,A- Independent Living,7,,3,
703A R2,Restroom by Fixture,Ceramic Tile,A- Independent Living,7,,3,
704A,Patient Room,Unfinished Hard Floor,A- Independent Living,7,1282,,
704A R1,Restroom by Fixture,Ceramic Tile,A- Independent Living,7,,3,
704A R2,Restroom by Fixture,Ceramic Tile,A- Independent Living,7,,2,
705A,Patient Room,Unfinished Hard Floor,A- Independent Living,7,1249,,
705A R1,Restroom by Fixture,Ceramic Tile,A- Independent Living,7,,3,
705A R2,Restroom by Fixture,Ceramic Tile,A- Independent Living,7,,2,
706A,Patient Room,Unfinished Hard Floor,A- Independent Living,7,1274,,
706A R1,Restroom by Fixture,Ceramic Tile,A- Independent Living,7,,3,
706A R2,Restroom by Fixture,Ceramic Tile,A- Independent Living,7,,3,
707A,Patient Room,Unfinished Hard Floor,A- Independent Living,7,1376,,
707A R1,Restroom by Fixture,Ceramic Tile,A- Independent Living,7,,3,
707A R2,Restroom by Fixture,Ceramic Tile,A- Independent Living,7,,3,
708A,Patient Room,Unfinished Hard Floor,A- Independent Living,7,1305,,
708A R1,Restroom by Fixture,Ceramic Tile,A- Independent Living,7,,3,
708A R2,Restroom by Fixture,Ceramic Tile,A- Independent Living,7,,3,
709A,Patient Room,Unfinished Hard Floor,A- Independent Living,7,1298,,
709A R1,Restroom by Fixture,Ceramic Tile,A- Independent Living,7,,3,
709A R2,Restroom by Fixture,Ceramic Tile,A- Independent Living,7,,3,
710A,Patient Room,Unfinished Hard Floor,A- Independent Living,7,1200,,
710A R1,Restroom by Fixture,Ceramic Tile,A- Independent Living,7,,3,
710A R2,Restroom by Fixture,Ceramic Tile,A- Independent Living,7,,2,
711A,Patient Room,Unfinished Hard Floor,A- Independent Living,7,1262,,
711A R1,Restroom by Fixture,Ceramic Tile,A- Independent Living,7,,3,
711A R2,Restroom by Fixture,Ceramic Tile,A- Independent Living,7,,2,
712A,Patient Room,Unfinished Hard Floor,A- Independent Living,7,1530,,
712A R1,Restroom by Fixture,Ceramic Tile,A- Independent Living,7,,3,
712A R2,Restroom by Fixture,Ceramic Tile,A- Independent Living,7,,3,
713A,Patient Room,Unfinished Hard Floor,A- Independent Living,7,1056,,
713A R1,Restroom by Fixture,Ceramic Tile,A- Independent Living,7,,3,
714A,Patient Room,Unfinished Hard Floor,A- Independent Living,7,1451,,
714A R1,Restroom by Fixture,Ceramic Tile,A- Independent Living,7,,3,
714A R2,Restroom by Fixture,Ceramic Tile,A- Independent Living,7,,3,
715A,Patient Room,Unfinished Hard Floor,A- Independent Living,7,1665,,
715A R1,Restroom by Fixture,Ceramic Tile,A- Independent Living,7,,3,
715A R2,Restroom by Fixture,Ceramic Tile,A- Independent Living,7,,3,
716A,Patient Room,Unfinished Hard Floor,A- Independent Living,7,1209,,
716A R1,Restroom by Fixture,Ceramic Tile,A- Independent Living,7,,3,
716A R1,Restroom by Fixture,Ceramic Tile,A- Independent Living,7,,2,
717A ,Patient Room,Unfinished Hard Floor,A- Independent Living,7,1536,,
717A R1,Restroom by Fixture,Ceramic Tile,A- Independent Living,7,,3,
717A R1,Restroom by Fixture,Ceramic Tile,A- Independent Living,7,,3,
718A,Patient Room,Unfinished Hard Floor,A- Independent Living,7,1128,,
718A R1,Restroom by Fixture,Ceramic Tile,A- Independent Living,7,,3,
718A R2,Restroom by Fixture,Ceramic Tile,A- Independent Living,7,,2,
719A,Patient Room,Unfinished Hard Floor,A- Independent Living,7,705,,
719A R1,Restroom by Fixture,Ceramic Tile,A- Independent Living,7,,3,
720A,Patient Room,Unfinished Hard Floor,A- Independent Living,7,1276,,
720A R1,Restroom by Fixture,Ceramic Tile,A- Independent Living,7,,3,
720A R2,Restroom by Fixture,Ceramic Tile,A- Independent Living,7,,3,
721A,Patient Room,Unfinished Hard Floor,A- Independent Living,7,715,,
721A R1,Restroom by Fixture,Ceramic Tile,A- Independent Living,7,,3,
722A,Patient Room,Unfinished Hard Floor,A- Independent Living,7,1249,,
722A R1,Restroom by Fixture,Ceramic Tile,A- Independent Living,7,,3,
722A R2,Restroom by Fixture,Ceramic Tile,A- Independent Living,7,,2,
723A,Patient Room,Unfinished Hard Floor,A- Independent Living,7,718,,
723A R1,Restroom by Fixture,Ceramic Tile,A- Independent Living,7,,3,
724A,Patient Room,Unfinished Hard Floor,A- Independent Living,7,1596,,
724A R1,Restroom by Fixture,Ceramic Tile,A- Independent Living,7,,3,
724A R2,Restroom by Fixture,Ceramic Tile,A- Independent Living,7,,3,
725A,Patient Room,Unfinished Hard Floor,A- Independent Living,7,924,,
725A R1,Restroom by Fixture,Ceramic Tile,A- Independent Living,7,,3,
726A,Patient Room,Unfinished Hard Floor,A- Independent Living,7,1580,,
726A R1,Restroom by Fixture,Ceramic Tile,A- Independent Living,7,,3,
726A R2,Restroom by Fixture,Ceramic Tile,A- Independent Living,7,,3,
7A Hallway,General Space,Carpet,A- Independent Living,7,3536,,
801A,Patient Room,Unfinished Hard Floor,A- Independent Living,8,1275,,
801A R1,Restroom by Fixture,Ceramic Tile,A- Independent Living,8,,3,
801A R2,Restroom by Fixture,Ceramic Tile,A- Independent Living,8,,3,
802A,Patient Room,Unfinished Hard Floor,A- Independent Living,8,1783,,
802A R1,Restroom by Fixture,Ceramic Tile,A- Independent Living,8,,3,
802A R2,Restroom by Fixture,Ceramic Tile,A- Independent Living,8,,3,
802A R3,Restroom by Fixture,Ceramic Tile,A- Independent Living,8,,2,
803A ,Patient Room,Unfinished Hard Floor,A- Independent Living,8,1307,,
803A R1,Restroom by Fixture,Ceramic Tile,A- Independent Living,8,,3,
803A R2,Restroom by Fixture,Ceramic Tile,A- Independent Living,8,,3,
804A,Patient Room,Unfinished Hard Floor,A- Independent Living,8,1282,,
804A R1,Restroom by Fixture,Ceramic Tile,A- Independent Living,8,,3,
804A R2,Restroom by Fixture,Ceramic Tile,A- Independent Living,8,,2,
805A,Patient Room,Unfinished Hard Floor,A- Independent Living,8,1249,,
805A R1,Restroom by Fixture,Ceramic Tile,A- Independent Living,8,,3,
805A R2,Restroom by Fixture,Ceramic Tile,A- Independent Living,8,,2,
806A,Patient Room,Unfinished Hard Floor,A- Independent Living,8,1274,,
806A R1,Restroom by Fixture,Ceramic Tile,A- Independent Living,8,,3,
806A R2,Restroom by Fixture,Ceramic Tile,A- Independent Living,8,,3,
807A,Patient Room,Unfinished Hard Floor,A- Independent Living,8,1376,,
807A R1,Restroom by Fixture,Ceramic Tile,A- Independent Living,8,,3,
807A R2,Restroom by Fixture,Ceramic Tile,A- Independent Living,8,,3,
808A,Patient Room,Unfinished Hard Floor,A- Independent Living,8,1305,,
808A R1,Restroom by Fixture,Ceramic Tile,A- Independent Living,8,,3,
808A R2,Restroom by Fixture,Ceramic Tile,A- Independent Living,8,,3,
809A,Patient Room,Unfinished Hard Floor,A- Independent Living,8,1298,,
809A R1,Restroom by Fixture,Ceramic Tile,A- Independent Living,8,,3,
809A R2,Restroom by Fixture,Ceramic Tile,A- Independent Living,8,,3,
810A,Patient Room,Unfinished Hard Floor,A- Independent Living,8,1200,,
810A R1,Restroom by Fixture,Ceramic Tile,A- Independent Living,8,,3,
810A R2,Restroom by Fixture,Ceramic Tile,A- Independent Living,8,,2,
811A,Patient Room,Unfinished Hard Floor,A- Independent Living,8,1262,,
811A R1,Restroom by Fixture,Ceramic Tile,A- Independent Living,8,,3,
811A R2,Restroom by Fixture,Ceramic Tile,A- Independent Living,8,,2,
812A,Patient Room,Unfinished Hard Floor,A- Independent Living,8,2715,,
812A R1,Restroom by Fixture,Ceramic Tile,A- Independent Living,8,,3,
812A R2,Restroom by Fixture,Ceramic Tile,A- Independent Living,8,,3,
812A R3,Restroom by Fixture,Ceramic Tile,A- Independent Living,8,,2,
814A,Patient Room,Unfinished Hard Floor,A- Independent Living,8,1445,,
814A R1,Restroom by Fixture,Ceramic Tile,A- Independent Living,8,,3,
814A R2,Restroom by Fixture,Ceramic Tile,A- Independent Living,8,,3,
816A,Patient Room,Unfinished Hard Floor,A- Independent Living,8,2767,,
816A R1,Restroom by Fixture,Ceramic Tile,A- Independent Living,8,,3,
816A R2,Restroom by Fixture,Ceramic Tile,A- Independent Living,8,,3,
816A R3,Restroom by Fixture,Ceramic Tile,A- Independent Living,8,,2,
818A,Patient Room,Unfinished Hard Floor,A- Independent Living,8,1128,,
818A R1,Restroom by Fixture,Ceramic Tile,A- Independent Living,8,,3,
818A R2,Restroom by Fixture,Ceramic Tile,A- Independent Living,8,,2,
819A,Patient Room,Unfinished Hard Floor,A- Independent Living,8,1006,,
819A,Restroom by Fixture,Ceramic Tile,A- Independent Living,8,,3,
820A,Patient Room,Unfinished Hard Floor,A- Independent Living,8,1276,,
820A R1,Restroom by Fixture,Ceramic Tile,A- Independent Living,8,,3,
820A R2,Restroom by Fixture,Ceramic Tile,A- Independent Living,8,,3,
821A,Patient Room,Unfinished Hard Floor,A- Independent Living,8,1033,,
821A R1,Restroom by Fixture,Ceramic Tile,A- Independent Living,8,,3,
822A,Patient Room,Unfinished Hard Floor,A- Independent Living,8,1249,,
822A R1,Restroom by Fixture,Ceramic Tile,A- Independent Living,8,,3,
822A R2,Restroom by Fixture,Ceramic Tile,A- Independent Living,8,,2,
823A,Patient Room,Unfinished Hard Floor,A- Independent Living,8,1124,,
823A R1,Restroom by Fixture,Ceramic Tile,A- Independent Living,8,,3,
824A,Patient Room,Unfinished Hard Floor,A- Independent Living,8,1596,,
824A R1,Restroom by Fixture,Ceramic Tile,A- Independent Living,8,,3,
824A R2,Restroom by Fixture,Ceramic Tile,A- Independent Living,8,,3,
826A,Patient Room,Unfinished Hard Floor,A- Independent Living,8,1580,,
826A R1,Restroom by Fixture,Ceramic Tile,A- Independent Living,8,,3,
826A R2,Restroom by Fixture,Ceramic Tile,A- Independent Living,8,,3,
8A Hallway,General Space,Carpet,A- Independent Living,8,3536,,
,,,,,526082,,
